,name,from,to,biography,biography_eng,url,bishop_type,orig_url_page
0,"Nidker
",816,830,,,,0,Liste_der_Bisch%C3%B6fe_von_Augsburg
1,"Udalmann
",830,832,,,,0,Liste_der_Bisch%C3%B6fe_von_Augsburg
2,"Lanto
",833,860,,,,0,Liste_der_Bisch%C3%B6fe_von_Augsburg
3,"Witgar
",861,887,,,,0,Liste_der_Bisch%C3%B6fe_von_Augsburg
4,"Adalbero
",887,909,,,,0,Liste_der_Bisch%C3%B6fe_von_Augsburg
5,"Hiltin
",909,923,,,,0,Liste_der_Bisch%C3%B6fe_von_Augsburg
6,"Ulrich I.
",923,973,,,,0,Liste_der_Bisch%C3%B6fe_von_Augsburg
7,"Heinrich I.
",973,982,,,,0,Liste_der_Bisch%C3%B6fe_von_Augsburg
8,"Eticho
",982,988,,,,0,Liste_der_Bisch%C3%B6fe_von_Augsburg
9,"Liutold
",988,996,,,,0,Liste_der_Bisch%C3%B6fe_von_Augsburg
10,"Gebehard
",996,1000,,,,0,Liste_der_Bisch%C3%B6fe_von_Augsburg
11,"Siegfried I.
",1001,1006,,,,0,Liste_der_Bisch%C3%B6fe_von_Augsburg
12,"Bruno
",1006,1029,,,,0,Liste_der_Bisch%C3%B6fe_von_Augsburg
13,"Eberhard I.
",1029,1047,,,,0,Liste_der_Bisch%C3%B6fe_von_Augsburg
14,"Heinrich II.
",1047,1063,,,,0,Liste_der_Bisch%C3%B6fe_von_Augsburg
15,"Embrico
",1063,1077,,,,0,Liste_der_Bisch%C3%B6fe_von_Augsburg
16,"Wigolt
",1077,1088,,,,0,Liste_der_Bisch%C3%B6fe_von_Augsburg
17,"Siegfried II.
",1088,1096,,,,0,Liste_der_Bisch%C3%B6fe_von_Augsburg
18,"Hermann von Vohburg
",1096,1133,,,,0,Liste_der_Bisch%C3%B6fe_von_Augsburg
19,"Walter I. von Dillingen
",1133,1152,,,,0,Liste_der_Bisch%C3%B6fe_von_Augsburg
20,"Konrad von Hirscheck
",1152,1167,,,,0,Liste_der_Bisch%C3%B6fe_von_Augsburg
21,"Hartwig I. von Lierheim
",1167,1184,,,,0,Liste_der_Bisch%C3%B6fe_von_Augsburg
22,"Udalschalk
",1184,1202,,,,0,Liste_der_Bisch%C3%B6fe_von_Augsburg
23,"Hartwig II.
",1202,1208,,,,0,Liste_der_Bisch%C3%B6fe_von_Augsburg
24,"Siegfried III. von Rechberg
",1208,1227,,,,0,Liste_der_Bisch%C3%B6fe_von_Augsburg
25,"Siboto von Seefeld
",1227,1247,,,,0,Liste_der_Bisch%C3%B6fe_von_Augsburg
26,"Hartmann von Dillingen
",1248,1286,,,,0,Liste_der_Bisch%C3%B6fe_von_Augsburg
27,"Siegfried IV. von Algertshausen
",1286,1288,,,,0,Liste_der_Bisch%C3%B6fe_von_Augsburg
28,"Wolfhard von Roth
",1288,1302,,,,0,Liste_der_Bisch%C3%B6fe_von_Augsburg
29,"Degenhard von Hellenstein
",1303,1307,,,,0,Liste_der_Bisch%C3%B6fe_von_Augsburg
30,"Friedrich I. Spät von Faimingen
",1309,1331,,,,0,Liste_der_Bisch%C3%B6fe_von_Augsburg
31,"Ulrich II. von Schönegg
",1331,1337,,,,0,Liste_der_Bisch%C3%B6fe_von_Augsburg
32,"Heinrich III. von Schönegg
",1337,1348,,,,0,Liste_der_Bisch%C3%B6fe_von_Augsburg
33,"Marquard I. von Randeck
",1348,1365,,,,0,Liste_der_Bisch%C3%B6fe_von_Augsburg
34,"Walter II. von Hochschlitz
",1365,1369,,,,0,Liste_der_Bisch%C3%B6fe_von_Augsburg
35,"Johann Schadland
",1371,1372,,,,0,Liste_der_Bisch%C3%B6fe_von_Augsburg
36,"Burkhard von Ellerbach
",1373,1404,,,,0,Liste_der_Bisch%C3%B6fe_von_Augsburg
37,"Eberhard II. von Kirchberg
",1404,1413,,,,0,Liste_der_Bisch%C3%B6fe_von_Augsburg
38,"Friedrich von Grafeneck
",1413,1414,,,,0,Liste_der_Bisch%C3%B6fe_von_Augsburg
39,"Anselm von Nenningen
",1414,1423,,,,0,Liste_der_Bisch%C3%B6fe_von_Augsburg
40,"Peter von Schaumberg
",1424,1469,,,,0,Liste_der_Bisch%C3%B6fe_von_Augsburg
41,"Johann II. von Werdenberg
",1469,1486,,,,0,Liste_der_Bisch%C3%B6fe_von_Augsburg
42,"Friedrich II. von Zollern
",1486,1505,,,,0,Liste_der_Bisch%C3%B6fe_von_Augsburg
43,"Heinrich IV. von Lichtenau
",1505,1517,,,,0,Liste_der_Bisch%C3%B6fe_von_Augsburg
44,"Christoph von Stadion
",1517,1543,,,,0,Liste_der_Bisch%C3%B6fe_von_Augsburg
45,"Johann Eglof von Knöringen
",1573,1575,,,,0,Liste_der_Bisch%C3%B6fe_von_Augsburg
46,"Marquard II. vom Berg
",1576,1591,,,,0,Liste_der_Bisch%C3%B6fe_von_Augsburg
47,"Johann Otto von Gemmingen
",1591,1598,,,,0,Liste_der_Bisch%C3%B6fe_von_Augsburg
48,"Heinrich V. von Knöringen
",1599,1646,,,,0,Liste_der_Bisch%C3%B6fe_von_Augsburg
49,"Sigismund Franz von Habsburg
",1646,1665,,,,0,Liste_der_Bisch%C3%B6fe_von_Augsburg
50,"Johann Christoph von Freyberg
",1666,1690,,,,0,Liste_der_Bisch%C3%B6fe_von_Augsburg
51,"Alexander Sigmund von Pfalz-Neuburg
",1690,1737,,,,0,Liste_der_Bisch%C3%B6fe_von_Augsburg
52,"Johann Franz Schenk von Stauffenberg
",1737,1740,,,,0,Liste_der_Bisch%C3%B6fe_von_Augsburg
53,"Joseph Ignaz Philipp von Hessen-Darmstadt
",1740,1768,,,,0,Liste_der_Bisch%C3%B6fe_von_Augsburg
54,"Clemens Wenzeslaus von Sachsen
",1768,1812,,,,0,Liste_der_Bisch%C3%B6fe_von_Augsburg
55,"Franz Friedrich von Sturmfeder
",1812,1818,,,,0,Liste_der_Bisch%C3%B6fe_von_Augsburg
56,"Franz Karl Joseph Prinz zu Hohenlohe-Waldenburg-Schillingsfürst
",1818,1819,,,,0,Liste_der_Bisch%C3%B6fe_von_Augsburg
57,"Franz Friedrich von Sturmfeder
",1819,1821,,,,0,Liste_der_Bisch%C3%B6fe_von_Augsburg
58,"Joseph Maria Freiherr von und zu Fraunberg
",1821,1824,,,,0,Liste_der_Bisch%C3%B6fe_von_Augsburg
59,"Ignaz Albert von Riegg
",1824,1836,,,,0,Liste_der_Bisch%C3%B6fe_von_Augsburg
60,"Johann Peter von Richarz
",1836,1855,,,,0,Liste_der_Bisch%C3%B6fe_von_Augsburg
61,"Michael von Deinlein
",1856,1858,,,,0,Liste_der_Bisch%C3%B6fe_von_Augsburg
62,"Pankratius von Dinkel
",1858,1894,,,,0,Liste_der_Bisch%C3%B6fe_von_Augsburg
63,"Petrus von Hötzl
",1895,1902,,,,0,Liste_der_Bisch%C3%B6fe_von_Augsburg
64,"Maximilian von Lingg
",1902,1930,,,,0,Liste_der_Bisch%C3%B6fe_von_Augsburg
65,"Joseph Kumpfmüller
",1930,1949,,,,0,Liste_der_Bisch%C3%B6fe_von_Augsburg
66,"Joseph Freundorfer
",1949,1963,,,,0,Liste_der_Bisch%C3%B6fe_von_Augsburg
67,"Josef Stimpfle
",1963,1992,,,,0,Liste_der_Bisch%C3%B6fe_von_Augsburg
68,"Viktor Josef Dammertz
",1993,2004,,,,0,Liste_der_Bisch%C3%B6fe_von_Augsburg
69,"Walter Mixa
",2005,2010,,,,0,Liste_der_Bisch%C3%B6fe_von_Augsburg
70,"Konrad Zdarsa
",2010,"
",,,,0,Liste_der_Bisch%C3%B6fe_von_Augsburg
71,"Dionysius
",um 300,"
",,,,0,Liste_der_Bisch%C3%B6fe_von_Augsburg
72,"Narzissus
",um 300,"
",,,,0,Liste_der_Bisch%C3%B6fe_von_Augsburg
73,"Perewelf
","
","
",,,,0,Liste_der_Bisch%C3%B6fe_von_Augsburg
74,"Tagebert
","
","
",,,,0,Liste_der_Bisch%C3%B6fe_von_Augsburg
75,"Manno
","
","
",,,,0,Liste_der_Bisch%C3%B6fe_von_Augsburg
76,"Wicho
","
","
",,,,0,Liste_der_Bisch%C3%B6fe_von_Augsburg
77,"Zeizzo
","
","
",,,,0,Liste_der_Bisch%C3%B6fe_von_Augsburg
78,"Marchmann
","
","
",,,,0,Liste_der_Bisch%C3%B6fe_von_Augsburg
79,"Wikterp
",738,772,,,,0,Liste_der_Bisch%C3%B6fe_von_Augsburg
80,"Tozzo
",772,778,,,,0,Liste_der_Bisch%C3%B6fe_von_Augsburg
81,"Heiliger Simpert
",778,807,,,,0,Liste_der_Bisch%C3%B6fe_von_Augsburg
82,"Hanto
",807,815,,,,0,Liste_der_Bisch%C3%B6fe_von_Augsburg
83,"Nidker
",816,830,,,,0,Liste_der_Bisch%C3%B6fe_von_Augsburg
84,"Udalmann
",830,832,,,,0,Liste_der_Bisch%C3%B6fe_von_Augsburg
85,"Lanto
",833,860,,,,0,Liste_der_Bisch%C3%B6fe_von_Augsburg
86,"Witgar
",861,887,,,,0,Liste_der_Bisch%C3%B6fe_von_Augsburg
87,"Adalbero
",887,909,,,,0,Liste_der_Bisch%C3%B6fe_von_Augsburg
88,"Hiltin
",909,923,,,,0,Liste_der_Bisch%C3%B6fe_von_Augsburg
89,"Ulrich I.
",923,973,,,,0,Liste_der_Bisch%C3%B6fe_von_Augsburg
90,"Heinrich I.
",973,982,,,,0,Liste_der_Bisch%C3%B6fe_von_Augsburg
91,"Eticho
",982,988,,,,0,Liste_der_Bisch%C3%B6fe_von_Augsburg
92,"Liutold
",988,996,,,,0,Liste_der_Bisch%C3%B6fe_von_Augsburg
93,"Gebehard
",996,1000,,,,0,Liste_der_Bisch%C3%B6fe_von_Augsburg
94,"Siegfried I.
",1001,1006,,,,0,Liste_der_Bisch%C3%B6fe_von_Augsburg
95,"Bruno
",1006,1029,,,,0,Liste_der_Bisch%C3%B6fe_von_Augsburg
96,"Eberhard I.
",1029,1047,,,,0,Liste_der_Bisch%C3%B6fe_von_Augsburg
97,"Heinrich II.
",1047,1063,,,,0,Liste_der_Bisch%C3%B6fe_von_Augsburg
98,"Embrico
",1063,1077,,,,0,Liste_der_Bisch%C3%B6fe_von_Augsburg
99,"Wigolt
",1077,1088,,,,0,Liste_der_Bisch%C3%B6fe_von_Augsburg
100,"Siegfried II.
",1088,1096,,,,0,Liste_der_Bisch%C3%B6fe_von_Augsburg
101,"Hermann von Vohburg
",1096,1133,,,,0,Liste_der_Bisch%C3%B6fe_von_Augsburg
102,"Walter I. von Dillingen
",1133,1152,,,,0,Liste_der_Bisch%C3%B6fe_von_Augsburg
103,"Konrad von Hirscheck
",1152,1167,,,,0,Liste_der_Bisch%C3%B6fe_von_Augsburg
104,"Hartwig I. von Lierheim
",1167,1184,,,,0,Liste_der_Bisch%C3%B6fe_von_Augsburg
105,"Udalschalk
",1184,1202,,,,0,Liste_der_Bisch%C3%B6fe_von_Augsburg
106,"Hartwig II.
",1202,1208,,,,0,Liste_der_Bisch%C3%B6fe_von_Augsburg
107,"Siegfried III. von Rechberg
",1208,1227,,,,0,Liste_der_Bisch%C3%B6fe_von_Augsburg
108,"Siboto von Seefeld
",1227,1247,,,,0,Liste_der_Bisch%C3%B6fe_von_Augsburg
109,"Hartmann von Dillingen
",1248,1286,,,,0,Liste_der_Bisch%C3%B6fe_von_Augsburg
110,"Siegfried IV. von Algertshausen
",1286,1288,,,,0,Liste_der_Bisch%C3%B6fe_von_Augsburg
111,"Wolfhard von Roth
",1288,1302,,,,0,Liste_der_Bisch%C3%B6fe_von_Augsburg
112,"Degenhard von Hellenstein
",1303,1307,,,,0,Liste_der_Bisch%C3%B6fe_von_Augsburg
113,"Friedrich I. Spät von Faimingen
",1309,1331,,,,0,Liste_der_Bisch%C3%B6fe_von_Augsburg
114,"Ulrich II. von Schönegg
",1331,1337,,,,0,Liste_der_Bisch%C3%B6fe_von_Augsburg
115,"Heinrich III. von Schönegg
",1337,1348,,,,0,Liste_der_Bisch%C3%B6fe_von_Augsburg
116,"Marquard I. von Randeck
",1348,1365,,,,0,Liste_der_Bisch%C3%B6fe_von_Augsburg
117,"Walter II. von Hochschlitz
",1365,1369,,,,0,Liste_der_Bisch%C3%B6fe_von_Augsburg
118,"Johann Schadland
",1371,1372,,,,0,Liste_der_Bisch%C3%B6fe_von_Augsburg
119,"Burkhard von Ellerbach
",1373,1404,,,,0,Liste_der_Bisch%C3%B6fe_von_Augsburg
120,"Eberhard II. von Kirchberg
",1404,1413,,,,0,Liste_der_Bisch%C3%B6fe_von_Augsburg
121,"Friedrich von Grafeneck
",1413,1414,,,,0,Liste_der_Bisch%C3%B6fe_von_Augsburg
122,"Anselm von Nenningen
",1414,1423,,,,0,Liste_der_Bisch%C3%B6fe_von_Augsburg
123,"Peter von Schaumberg
",1424,1469,,,,0,Liste_der_Bisch%C3%B6fe_von_Augsburg
124,"Johann II. von Werdenberg
",1469,1486,,,,0,Liste_der_Bisch%C3%B6fe_von_Augsburg
125,"Friedrich II. von Zollern
",1486,1505,,,,0,Liste_der_Bisch%C3%B6fe_von_Augsburg
126,"Heinrich IV. von Lichtenau
",1505,1517,,,,0,Liste_der_Bisch%C3%B6fe_von_Augsburg
127,"Christoph von Stadion
",1517,1543,,,,0,Liste_der_Bisch%C3%B6fe_von_Augsburg
128,"Johann Eglof von Knöringen
",1573,1575,,,,0,Liste_der_Bisch%C3%B6fe_von_Augsburg
129,"Marquard II. vom Berg
",1576,1591,,,,0,Liste_der_Bisch%C3%B6fe_von_Augsburg
130,"Johann Otto von Gemmingen
",1591,1598,,,,0,Liste_der_Bisch%C3%B6fe_von_Augsburg
131,"Heinrich V. von Knöringen
",1599,1646,,,,0,Liste_der_Bisch%C3%B6fe_von_Augsburg
132,"Sigismund Franz von Habsburg
",1646,1665,,,,0,Liste_der_Bisch%C3%B6fe_von_Augsburg
133,"Johann Christoph von Freyberg
",1666,1690,,,,0,Liste_der_Bisch%C3%B6fe_von_Augsburg
134,"Alexander Sigmund von Pfalz-Neuburg
",1690,1737,,,,0,Liste_der_Bisch%C3%B6fe_von_Augsburg
135,"Johann Franz Schenk von Stauffenberg
",1737,1740,,,,0,Liste_der_Bisch%C3%B6fe_von_Augsburg
136,"Joseph Ignaz Philipp von Hessen-Darmstadt
",1740,1768,,,,0,Liste_der_Bisch%C3%B6fe_von_Augsburg
137,"Clemens Wenzeslaus von Sachsen
",1768,1812,,,,0,Liste_der_Bisch%C3%B6fe_von_Augsburg
138,"Franz Friedrich von Sturmfeder
",1812,1818,,,,0,Liste_der_Bisch%C3%B6fe_von_Augsburg
139,"Franz Karl Joseph Prinz zu Hohenlohe-Waldenburg-Schillingsfürst
",1818,1819,,,,0,Liste_der_Bisch%C3%B6fe_von_Augsburg
140,"Franz Friedrich von Sturmfeder
",1819,1821,,,,0,Liste_der_Bisch%C3%B6fe_von_Augsburg
141,"Joseph Maria Freiherr von und zu Fraunberg
",1821,1824,,,,0,Liste_der_Bisch%C3%B6fe_von_Augsburg
142,"Ignaz Albert von Riegg
",1824,1836,,,,0,Liste_der_Bisch%C3%B6fe_von_Augsburg
143,"Johann Peter von Richarz
",1836,1855,,,,0,Liste_der_Bisch%C3%B6fe_von_Augsburg
144,"Michael von Deinlein
",1856,1858,,,,0,Liste_der_Bisch%C3%B6fe_von_Augsburg
145,"Pankratius von Dinkel
",1858,1894,,,,0,Liste_der_Bisch%C3%B6fe_von_Augsburg
146,"Petrus von Hötzl
",1895,1902,,,,0,Liste_der_Bisch%C3%B6fe_von_Augsburg
147,"Maximilian von Lingg
",1902,1930,,,,0,Liste_der_Bisch%C3%B6fe_von_Augsburg
148,"Joseph Kumpfmüller
",1930,1949,,,,0,Liste_der_Bisch%C3%B6fe_von_Augsburg
149,"Joseph Freundorfer
",1949,1963,,,,0,Liste_der_Bisch%C3%B6fe_von_Augsburg
150,"Josef Stimpfle
",1963,1992,,,,0,Liste_der_Bisch%C3%B6fe_von_Augsburg
151,"Viktor Josef Dammertz
",1993,2004,,,,0,Liste_der_Bisch%C3%B6fe_von_Augsburg
152,"Walter Mixa
",2005,2010,,,,0,Liste_der_Bisch%C3%B6fe_von_Augsburg
153,"Konrad Zdarsa
",2010,"
",,,,0,Liste_der_Bisch%C3%B6fe_von_Augsburg
154,"Christian Schreiber
",1930,1933,,,,0,Liste_der_Bisch%C3%B6fe_und_Erzbisch%C3%B6fe_von_Berlin
155,"Nikolaus Bares
",1933,1935,,,,0,Liste_der_Bisch%C3%B6fe_und_Erzbisch%C3%B6fe_von_Berlin
156,"Konrad Kardinal von Preysing
",1935,1950,,,,0,Liste_der_Bisch%C3%B6fe_und_Erzbisch%C3%B6fe_von_Berlin
157,"Wilhelm Weskamm
",1951,1956,,,,0,Liste_der_Bisch%C3%B6fe_und_Erzbisch%C3%B6fe_von_Berlin
158,"Julius Kardinal Döpfner
",1957,1961,,,,0,Liste_der_Bisch%C3%B6fe_und_Erzbisch%C3%B6fe_von_Berlin
159,"Alfred Kardinal Bengsch
",1961,1979,,,,0,Liste_der_Bisch%C3%B6fe_und_Erzbisch%C3%B6fe_von_Berlin
160,"Joachim Kardinal Meisner
",1980,1988,,,,0,Liste_der_Bisch%C3%B6fe_und_Erzbisch%C3%B6fe_von_Berlin
161,"Georg Kardinal Sterzinsky
",1989,1994,,,,0,Liste_der_Bisch%C3%B6fe_und_Erzbisch%C3%B6fe_von_Berlin
162,1,1994,2011,,,,1,Liste_der_Bisch%C3%B6fe_und_Erzbisch%C3%B6fe_von_Berlin
163,2,2011,2014,,,,1,Liste_der_Bisch%C3%B6fe_und_Erzbisch%C3%B6fe_von_Berlin
164,3,2015,"
",,,,1,Liste_der_Bisch%C3%B6fe_und_Erzbisch%C3%B6fe_von_Berlin
165,"Adalbert von Pommern
",1140,1163/1164,,,,0,Liste_der_Bisch%C3%B6fe_von_Cammin
166,"Konrad I. von Salzwedel
",1163/1164,1186,,,,0,Liste_der_Bisch%C3%B6fe_von_Cammin
167,"Siegfried I.
",1186,1191,,,,0,Liste_der_Bisch%C3%B6fe_von_Cammin
168,"Sigwin
",1191,1219,,,,0,Liste_der_Bisch%C3%B6fe_von_Cammin
169,"Konrad II.
",1219,1233,,,,0,Liste_der_Bisch%C3%B6fe_von_Cammin
170,"Konrad III.
",1233,1241,,,,0,Liste_der_Bisch%C3%B6fe_von_Cammin
171,"
",1241,1244,,,,0,Liste_der_Bisch%C3%B6fe_von_Cammin
172,"Wilhelm
",1244,1251,,,,0,Liste_der_Bisch%C3%B6fe_von_Cammin
173,"Hermann von Gleichen
",1251,1288/1289,,,,0,Liste_der_Bisch%C3%B6fe_von_Cammin
174,"Jaromar von Rügen
",1289,1293/1294,,,,0,Liste_der_Bisch%C3%B6fe_von_Cammin
175,"Wizlaw
",1294,1296,,,,0,Liste_der_Bisch%C3%B6fe_von_Cammin
176,"Petrus
",1296,1300,,,,0,Liste_der_Bisch%C3%B6fe_von_Cammin
177,"Heinrich von Wacholz
",1302,1317,,,,0,Liste_der_Bisch%C3%B6fe_von_Cammin
178,"Konrad IV.
",1317,1324,,,,0,Liste_der_Bisch%C3%B6fe_von_Cammin
179,"Arnold von Eltz
",1324,1330,,,,0,Liste_der_Bisch%C3%B6fe_von_Cammin
180,"Friedrich von Eickstedt
",1330,1343,,,,0,Liste_der_Bisch%C3%B6fe_von_Cammin
181,"Johann I.
",1343,1370,,,,0,Liste_der_Bisch%C3%B6fe_von_Cammin
182,"Philipp von Rehberg
",1370,1385,,,,0,Liste_der_Bisch%C3%B6fe_von_Cammin
183,"Johannes II. Wilcken
",1385,1386,,,,0,Liste_der_Bisch%C3%B6fe_von_Cammin
184,"Johannes III. Brunonis
",1386,1394,,,,0,Liste_der_Bisch%C3%B6fe_von_Cammin
185,"Johann IV., Herzog von Schlesien-Oppeln
",1394,1398,,,,0,Liste_der_Bisch%C3%B6fe_von_Cammin
186,"Nikolaus von Schippenbeil
",1398,1410,,,,0,Liste_der_Bisch%C3%B6fe_von_Cammin
187,"Magnus, Herzog von Sachsen-Lauenburg
",1410,1424,,,,0,Liste_der_Bisch%C3%B6fe_von_Cammin
188,"Siegfried II. Bock
",1424,1446,,,,0,Liste_der_Bisch%C3%B6fe_von_Cammin
189,"Henning Iwen
",1446,1468,,,,0,Liste_der_Bisch%C3%B6fe_von_Cammin
190,"Ludwig von Eberstein
",1469,1480,,,,0,Liste_der_Bisch%C3%B6fe_von_Cammin
191,"Nikolaus von Tüngen
",1471,1479,,,,0,Liste_der_Bisch%C3%B6fe_von_Cammin
192,"Marinus de Fregeno
",1479,1482,,,,0,Liste_der_Bisch%C3%B6fe_von_Cammin
193,"Angelus Geraldini
",1482,1485,,,,0,Liste_der_Bisch%C3%B6fe_von_Cammin
194,"Benedikt von Waldstein
",1485,1498,,,,0,Liste_der_Bisch%C3%B6fe_von_Cammin
195,"Martin Carith
",1498,1521,,,,0,Liste_der_Bisch%C3%B6fe_von_Cammin
196,"Erasmus von Manteuffel-Arnhausen
",1521,1544,,,,0,Liste_der_Bisch%C3%B6fe_von_Cammin
197,"Bartholomäus Swawe
",1545,1549,,,,0,Liste_der_Bisch%C3%B6fe_von_Cammin
198,"Martin Weiher von Leba
",1549,1556,,,,0,Liste_der_Bisch%C3%B6fe_von_Cammin
199,"Johann Friedrich, Herzog von Pommern-Wolgast
",1557,1574,,,,0,Liste_der_Bisch%C3%B6fe_von_Cammin
200,"Kasimir VI., Herzog von Pommern
",1574,1602,,,,0,Liste_der_Bisch%C3%B6fe_von_Cammin
201,"Franz, Herzog von Pommern
",1602,1618,,,,0,Liste_der_Bisch%C3%B6fe_von_Cammin
202,"Ulrich, Herzog von Pommern
",1618,1622,,,,0,Liste_der_Bisch%C3%B6fe_von_Cammin
203,"Bogislaw XIV., Herzog von Pommern
",1623,1637,,,,0,Liste_der_Bisch%C3%B6fe_von_Cammin
204,"Ernst Bogislaw von Croy
",1637,1650,,,,0,Liste_der_Bisch%C3%B6fe_von_Cammin
205,"Burchard
",968,969,,,,0,Liste_der_Bischöfe_von_Dresden-Meißen
206,"Volkold
",969,992,,,,0,Liste_der_Bischöfe_von_Dresden-Meißen
207,"Eido I.
",992,1015,,,,0,Liste_der_Bischöfe_von_Dresden-Meißen
208,"Eilward
",1016,1023,,,,0,Liste_der_Bischöfe_von_Dresden-Meißen
209,"Hugbert
",1023,1024,,,,0,Liste_der_Bischöfe_von_Dresden-Meißen
210,"Dietrich I.
",1024,1040,,,,0,Liste_der_Bischöfe_von_Dresden-Meißen
211,"Eido II.
",1040,1046,,,,0,Liste_der_Bischöfe_von_Dresden-Meißen
212,"Meinward
","
","
",,,,0,Liste_der_Bischöfe_von_Dresden-Meißen
213,"Bruno I.
",1046,1065,,,,0,Liste_der_Bischöfe_von_Dresden-Meißen
214,"Reiner
",1065,1066,,,,0,Liste_der_Bischöfe_von_Dresden-Meißen
215,"Craft
",1066,1066,,,,0,Liste_der_Bischöfe_von_Dresden-Meißen
216,"Hl. Benno
",1066,1106,,,,0,Liste_der_Bischöfe_von_Dresden-Meißen
217,"Herwig
",1106,1119,,,,0,Liste_der_Bischöfe_von_Dresden-Meißen
218,"Grambert
","
","
",,,,0,Liste_der_Bischöfe_von_Dresden-Meißen
219,"Godebold
",1119,1140,,,,0,Liste_der_Bischöfe_von_Dresden-Meißen
220,"Reinward
",1140,1150,,,,0,Liste_der_Bischöfe_von_Dresden-Meißen
221,"Berthold
","
","
",,,,0,Liste_der_Bischöfe_von_Dresden-Meißen
222,"Albrecht I.
",1150,1152,,,,0,Liste_der_Bischöfe_von_Dresden-Meißen
223,"Bruno II.
","
","
",,,,0,Liste_der_Bischöfe_von_Dresden-Meißen
224,"Gerung
",1152,1170,,,,0,Liste_der_Bischöfe_von_Dresden-Meißen
225,"Martin
",1170,1190,,,,0,Liste_der_Bischöfe_von_Dresden-Meißen
226,"Dietrich II. von Kittlitz
",1191,1208,,,,0,Liste_der_Bischöfe_von_Dresden-Meißen
227,"Bruno II. von Porstendorf
",1209,1228,,,,0,Liste_der_Bischöfe_von_Dresden-Meißen
228,"Heinrich
",1228,1240,,,,0,Liste_der_Bischöfe_von_Dresden-Meißen
229,"Konrad I. von Wallhausen
",1240,1258,,,,0,Liste_der_Bischöfe_von_Dresden-Meißen
230,"Albrecht II. von Mutzschen
",1258,1266,,,,0,Liste_der_Bischöfe_von_Dresden-Meißen
231,"Withego I. von Furra
",1266,1293,,,,0,Liste_der_Bischöfe_von_Dresden-Meißen
232,"Bernhard von Kamenz
",1293,1296,,,,0,Liste_der_Bischöfe_von_Dresden-Meißen
233,"Albrecht III. von Leisnig
",1296,1312,,,,0,Liste_der_Bischöfe_von_Dresden-Meißen
234,"Withego II. von Colditz
",1312,1342,,,,0,Liste_der_Bischöfe_von_Dresden-Meißen
235,"Johann I. von Isenburg
",1342,1370,,,,0,Liste_der_Bischöfe_von_Dresden-Meißen
236,"Dietrich von Schönberg
",1370,1370,,,,0,Liste_der_Bischöfe_von_Dresden-Meißen
237,"Konrad II. von Kirchberg-Wallhausen
",1370,1375,,,,0,Liste_der_Bischöfe_von_Dresden-Meißen
238,"Johann II. von Jenstein
",1375,1379,,,,0,Liste_der_Bischöfe_von_Dresden-Meißen
239,"Nikolaus I.
",1379,1392,,,,0,Liste_der_Bischöfe_von_Dresden-Meißen
240,"Johann III. von Kittlitz
",1392,1398,,,,0,Liste_der_Bischöfe_von_Dresden-Meißen
241,"Thimo von Colditz
",1399,1410,,,,0,Liste_der_Bischöfe_von_Dresden-Meißen
242,"Rudolf von der Planitz
",1411,1427,,,,0,Liste_der_Bischöfe_von_Dresden-Meißen
243,"Johannes IV. Hoffmann von Schweidnitz
",1427,1451,,,,0,Liste_der_Bischöfe_von_Dresden-Meißen
244,"Caspar von Schönberg
",1451,1463,,,,0,Liste_der_Bischöfe_von_Dresden-Meißen
245,"Dietrich III. von Schönberg
",1463,1476,,,,0,Liste_der_Bischöfe_von_Dresden-Meißen
246,"Johann V. von Weißenbach
",1476,1487,,,,0,Liste_der_Bischöfe_von_Dresden-Meißen
247,"Johann VI. von Saalhausen
",1487,1518,,,,0,Liste_der_Bischöfe_von_Dresden-Meißen
248,"Johann VII. von Schleinitz
",1518,1537,,,,0,Liste_der_Bischöfe_von_Dresden-Meißen
249,"Johann VIII. von Maltitz
",1537,1549,,,,0,Liste_der_Bischöfe_von_Dresden-Meißen
250,"Nicolaus II. von Carlowitz
",1550,1555,,,,0,Liste_der_Bischöfe_von_Dresden-Meißen
251,"Johann IX. von Haugwitz
",1555,1559/81,,,,0,Liste_der_Bischöfe_von_Dresden-Meißen
252,"Hl. Willibald
",741,787?,,,,0,Liste_der_Bischöfe_von_Eichstätt
253,"Gerhoh
",787?,806?,,,,0,Liste_der_Bischöfe_von_Eichstätt
254,"Agan
",806?,822?,,,,0,Liste_der_Bischöfe_von_Eichstätt
255,"Adalung
",822?,837?,,,,0,Liste_der_Bischöfe_von_Eichstätt
256,"Altwin
",837?,847?,,,,0,Liste_der_Bischöfe_von_Eichstätt
257,"Otgar
",847?,880?,,,,0,Liste_der_Bischöfe_von_Eichstätt
258,"Gottschalk
",880?,882?,,,,0,Liste_der_Bischöfe_von_Eichstätt
259,"Erchanbald
",882?,912,,,,0,Liste_der_Bischöfe_von_Eichstätt
260,"Odalfried
",912,933,,,,0,Liste_der_Bischöfe_von_Eichstätt
261,"Starchand
",933,966,,,,0,Liste_der_Bischöfe_von_Eichstätt
262,"Reginold
",966,991,,,,0,Liste_der_Bischöfe_von_Eichstätt
263,"Megingaud
",991,1015?,,,,0,Liste_der_Bischöfe_von_Eichstätt
264,"Gundekar I.
",1015?,1019,,,,0,Liste_der_Bischöfe_von_Eichstätt
265,"Walther
",1020,1021,,,,0,Liste_der_Bischöfe_von_Eichstätt
266,"Heribert
",1022,1042,,,,0,Liste_der_Bischöfe_von_Eichstätt
267,"Gezemann
",1042,1042,,,,0,Liste_der_Bischöfe_von_Eichstätt
268,"Gebhard I.
",1042,1057,,,,0,Liste_der_Bischöfe_von_Eichstätt
269,"Sel. Gundekar II.
",1057,1075,,,,0,Liste_der_Bischöfe_von_Eichstätt
270,"Udalrich I.
",1075,1099,,,,0,Liste_der_Bischöfe_von_Eichstätt
271,"Eberhard I. Graf von Hildrizhausen
",1099,1112,,,,0,Liste_der_Bischöfe_von_Eichstätt
272,"Udalrich II.
",1112,1125,,,,0,Liste_der_Bischöfe_von_Eichstätt
273,"Gebhard II. Graf von Grögling
",1125,1149,,,,0,Liste_der_Bischöfe_von_Eichstätt
274,"Walbrun
",1149,1149,,,"https://de.wikipedia.org/""#cite_note-Erklärung-1",0,Liste_der_Bischöfe_von_Eichstätt
275,"Burchard
",1149,1153,,,,0,Liste_der_Bischöfe_von_Eichstätt
276,"Konrad I. von Morsbach
",1153,1171,,,,0,Liste_der_Bischöfe_von_Eichstätt
277,"Egelolf
",1171,1182,,,,0,Liste_der_Bischöfe_von_Eichstätt
278,"Otto
",1182,1196,,,,0,Liste_der_Bischöfe_von_Eichstätt
279,"Hartwig Graf von Grögling-Dollnstein
",1196,1223,,,,0,Liste_der_Bischöfe_von_Eichstätt
280,"Friedrich I. von Haunstadt
",1223,1225,,,,0,Liste_der_Bischöfe_von_Eichstätt
281,"Heinrich I. von Zipplingen
",1225,1228,,,,0,Liste_der_Bischöfe_von_Eichstätt
282,"Heinrich II. von Dischingen
",1228,1231,,,,0,Liste_der_Bischöfe_von_Eichstätt
283,"Hermann von Schillingsfürst
",1232,1232,,,"https://de.wikipedia.org/""#cite_note-Erklärung-1",0,Liste_der_Bischöfe_von_Eichstätt
284,"Heinrich III. von Ravensburg
",1232,1237,,,,0,Liste_der_Bischöfe_von_Eichstätt
285,"Friedrich II. von Parsberg
",1237,1246,,,,0,Liste_der_Bischöfe_von_Eichstätt
286,"Heinrich IV. Graf von Württemberg
",1247,1259,,,,0,Liste_der_Bischöfe_von_Eichstätt
287,"Engelhard von Dolling
",1259,1261,,,,0,Liste_der_Bischöfe_von_Eichstätt
288,"Hildebrand von Möhren
",1261,1279,,,,0,Liste_der_Bischöfe_von_Eichstätt
289,"Reinboto von Meilenhart
",1279,1297,,,,0,Liste_der_Bischöfe_von_Eichstätt
290,"Konrad II. von Pfeffenhausen
",1297,1305,,,,0,Liste_der_Bischöfe_von_Eichstätt
291,"Johann I. von Straßburg
",1305,1306,,,,0,Liste_der_Bischöfe_von_Eichstätt
292,"Philipp von Rathsamhausen
",1306,1322,,,,0,Liste_der_Bischöfe_von_Eichstätt
293,"Marquard I. von Hagel
",1322,1324,,,,0,Liste_der_Bischöfe_von_Eichstätt
294,"Gebhard III. Graf von Graisbach
",1324,1327,,,,0,Liste_der_Bischöfe_von_Eichstätt
295,"Friedrich III. Landgraf von Leuchtenberg
",1328,1329,,,,0,Liste_der_Bischöfe_von_Eichstätt
296,"Heinrich V. Schenk von Reicheneck
",1329,1344,,,,0,Liste_der_Bischöfe_von_Eichstätt
297,"Albrecht I. von Hohenfels
",1344,1353,,,,0,Liste_der_Bischöfe_von_Eichstätt
298,"Berthold von Zollern
",1351,1365,,,,0,Liste_der_Bischöfe_von_Eichstätt
299,"Raban Truchseß von Wilburgstetten
",1365,1383,,,,0,Liste_der_Bischöfe_von_Eichstätt
300,"Friedrich IV. Graf von Oettingen
",1383,1415,,,,0,Liste_der_Bischöfe_von_Eichstätt
301,"Johann II. von Heideck
",1415,1429,,,,0,Liste_der_Bischöfe_von_Eichstätt
302,"Albrecht II. von Hohenrechberg
",1429,1445,,,,0,Liste_der_Bischöfe_von_Eichstätt
303,"Johann III. von Eych
",1445,1464,,,,0,Liste_der_Bischöfe_von_Eichstätt
304,"Wilhelm von Reichenau
",1464,1496,,,,0,Liste_der_Bischöfe_von_Eichstätt
305,"Gabriel von Eyb
",1496,1535,,,,0,Liste_der_Bischöfe_von_Eichstätt
306,"Christoph Marschall von Pappenheim
",1535,1539,,,,0,Liste_der_Bischöfe_von_Eichstätt
307,"Moritz von Hutten
",1539,1552,,,,0,Liste_der_Bischöfe_von_Eichstätt
308,"Eberhard II. von Hirnheim
",1552,1560,,,,0,Liste_der_Bischöfe_von_Eichstätt
309,"Martin von Schaumberg
",1560,1590,,,,0,Liste_der_Bischöfe_von_Eichstätt
310,"Kaspar von Seckendorff
",1590,1595,,,,0,Liste_der_Bischöfe_von_Eichstätt
311,"Johann Konrad von Gemmingen
",1595,1612,,,,0,Liste_der_Bischöfe_von_Eichstätt
312,"Johann Christoph von Westerstetten
",1612,1637,,,,0,Liste_der_Bischöfe_von_Eichstätt
313,"Marquard II. Graf Schenk von Castell
",1637,1685,,,,0,Liste_der_Bischöfe_von_Eichstätt
314,"Johann Euchar Graf Schenk von Castell
",1685,1697,,,,0,Liste_der_Bischöfe_von_Eichstätt
315,"Johann Martin von Eyb
",1697,1704,,,,0,Liste_der_Bischöfe_von_Eichstätt
316,"Johann Anton I. Knebel von Katzenelnbogen
",1705,1725,,,,0,Liste_der_Bischöfe_von_Eichstätt
317,"Franz Ludwig Freiherr Schenk von Castell
",1725,1736,,,,0,Liste_der_Bischöfe_von_Eichstätt
318,"Johann Anton II. Freiherr von Freyberg
",1736,1757,,,,0,Liste_der_Bischöfe_von_Eichstätt
319,"Raymund Anton Graf von Strasoldo
",1757,1781,,,,0,Liste_der_Bischöfe_von_Eichstätt
320,"Johann Anton III. Freiherr von Zehmen
",1781,1790,,,,0,Liste_der_Bischöfe_von_Eichstätt
321,"Joseph Graf von Stubenberg
",1791,1824,,,,0,Liste_der_Bischöfe_von_Eichstätt
322,"Petrus Pustet
",1824,1825,,,,0,Liste_der_Bischöfe_von_Eichstätt
323,"Johann Friedrich Oesterreicher
",1825,1835,,,,0,Liste_der_Bischöfe_von_Eichstätt
324,"Johann Martin Manl
",1835,1835,,,,0,Liste_der_Bischöfe_von_Eichstätt
325,"Karl August Graf von Reisach
",1836,1846,,,,0,Liste_der_Bischöfe_von_Eichstätt
326,"Georg von Oettl
",1846,1866,,,,0,Liste_der_Bischöfe_von_Eichstätt
327,"Franz Leopold Freiherr von Leonrod
",1867,1905,,,,0,Liste_der_Bischöfe_von_Eichstätt
328,"Johannes Leo von Mergel
",1905,1932,,,,0,Liste_der_Bischöfe_von_Eichstätt
329,"Konrad Graf von Preysing
",1932,1935,,,,0,Liste_der_Bischöfe_von_Eichstätt
330,"Michael Rackl
",1935,1948,,,,0,Liste_der_Bischöfe_von_Eichstätt
331,"Joseph Schröffer
",1948,1967,,,,0,Liste_der_Bischöfe_von_Eichstätt
332,"Alois Brems
",1968,1983,,,,0,Liste_der_Bischöfe_von_Eichstätt
333,"Karl Braun
",1984,1995,,,,0,Liste_der_Bischöfe_von_Eichstätt
334,"Walter Mixa
",1996,2005,,,,0,Liste_der_Bischöfe_von_Eichstätt
335,"Gregor Maria Hanke
",2006," 
",,,,0,Liste_der_Bischöfe_von_Eichstätt
336,"Hl. Willibald
",741,787?,,,,0,Liste_der_Bischöfe_von_Eichstätt
337,"Gerhoh
",787?,806?,,,,0,Liste_der_Bischöfe_von_Eichstätt
338,"Agan
",806?,822?,,,,0,Liste_der_Bischöfe_von_Eichstätt
339,"Adalung
",822?,837?,,,,0,Liste_der_Bischöfe_von_Eichstätt
340,"Altwin
",837?,847?,,,,0,Liste_der_Bischöfe_von_Eichstätt
341,"Otgar
",847?,880?,,,,0,Liste_der_Bischöfe_von_Eichstätt
342,"Gottschalk
",880?,882?,,,,0,Liste_der_Bischöfe_von_Eichstätt
343,"Erchanbald
",882?,912,,,,0,Liste_der_Bischöfe_von_Eichstätt
344,"Odalfried
",912,933,,,,0,Liste_der_Bischöfe_von_Eichstätt
345,"Starchand
",933,966,,,,0,Liste_der_Bischöfe_von_Eichstätt
346,"Reginold
",966,991,,,,0,Liste_der_Bischöfe_von_Eichstätt
347,"Megingaud
",991,1015?,,,,0,Liste_der_Bischöfe_von_Eichstätt
348,"Gundekar I.
",1015?,1019,,,,0,Liste_der_Bischöfe_von_Eichstätt
349,"Walther
",1020,1021,,,,0,Liste_der_Bischöfe_von_Eichstätt
350,"Heribert
",1022,1042,,,,0,Liste_der_Bischöfe_von_Eichstätt
351,"Gezemann
",1042,1042,,,,0,Liste_der_Bischöfe_von_Eichstätt
352,"Gebhard I.
",1042,1057,,,,0,Liste_der_Bischöfe_von_Eichstätt
353,"Sel. Gundekar II.
",1057,1075,,,,0,Liste_der_Bischöfe_von_Eichstätt
354,"Udalrich I.
",1075,1099,,,,0,Liste_der_Bischöfe_von_Eichstätt
355,"Eberhard I. Graf von Hildrizhausen
",1099,1112,,,,0,Liste_der_Bischöfe_von_Eichstätt
356,"Udalrich II.
",1112,1125,,,,0,Liste_der_Bischöfe_von_Eichstätt
357,"Gebhard II. Graf von Grögling
",1125,1149,,,,0,Liste_der_Bischöfe_von_Eichstätt
358,"Walbrun
",1149,1149,,,"https://de.wikipedia.org/""#cite_note-Erklärung-1",0,Liste_der_Bischöfe_von_Eichstätt
359,"Burchard
",1149,1153,,,,0,Liste_der_Bischöfe_von_Eichstätt
360,"Konrad I. von Morsbach
",1153,1171,,,,0,Liste_der_Bischöfe_von_Eichstätt
361,"Egelolf
",1171,1182,,,,0,Liste_der_Bischöfe_von_Eichstätt
362,"Otto
",1182,1196,,,,0,Liste_der_Bischöfe_von_Eichstätt
363,"Hartwig Graf von Grögling-Dollnstein
",1196,1223,,,,0,Liste_der_Bischöfe_von_Eichstätt
364,"Friedrich I. von Haunstadt
",1223,1225,,,,0,Liste_der_Bischöfe_von_Eichstätt
365,"Heinrich I. von Zipplingen
",1225,1228,,,,0,Liste_der_Bischöfe_von_Eichstätt
366,"Heinrich II. von Dischingen
",1228,1231,,,,0,Liste_der_Bischöfe_von_Eichstätt
367,"Hermann von Schillingsfürst
",1232,1232,,,"https://de.wikipedia.org/""#cite_note-Erklärung-1",0,Liste_der_Bischöfe_von_Eichstätt
368,"Heinrich III. von Ravensburg
",1232,1237,,,,0,Liste_der_Bischöfe_von_Eichstätt
369,"Friedrich II. von Parsberg
",1237,1246,,,,0,Liste_der_Bischöfe_von_Eichstätt
370,"Heinrich IV. Graf von Württemberg
",1247,1259,,,,0,Liste_der_Bischöfe_von_Eichstätt
371,"Engelhard von Dolling
",1259,1261,,,,0,Liste_der_Bischöfe_von_Eichstätt
372,"Hildebrand von Möhren
",1261,1279,,,,0,Liste_der_Bischöfe_von_Eichstätt
373,"Reinboto von Meilenhart
",1279,1297,,,,0,Liste_der_Bischöfe_von_Eichstätt
374,"Konrad II. von Pfeffenhausen
",1297,1305,,,,0,Liste_der_Bischöfe_von_Eichstätt
375,"Johann I. von Straßburg
",1305,1306,,,,0,Liste_der_Bischöfe_von_Eichstätt
376,"Philipp von Rathsamhausen
",1306,1322,,,,0,Liste_der_Bischöfe_von_Eichstätt
377,"Marquard I. von Hagel
",1322,1324,,,,0,Liste_der_Bischöfe_von_Eichstätt
378,"Gebhard III. Graf von Graisbach
",1324,1327,,,,0,Liste_der_Bischöfe_von_Eichstätt
379,"Friedrich III. Landgraf von Leuchtenberg
",1328,1329,,,,0,Liste_der_Bischöfe_von_Eichstätt
380,"Heinrich V. Schenk von Reicheneck
",1329,1344,,,,0,Liste_der_Bischöfe_von_Eichstätt
381,"Albrecht I. von Hohenfels
",1344,1353,,,,0,Liste_der_Bischöfe_von_Eichstätt
382,"Berthold von Zollern
",1351,1365,,,,0,Liste_der_Bischöfe_von_Eichstätt
383,"Raban Truchseß von Wilburgstetten
",1365,1383,,,,0,Liste_der_Bischöfe_von_Eichstätt
384,"Friedrich IV. Graf von Oettingen
",1383,1415,,,,0,Liste_der_Bischöfe_von_Eichstätt
385,"Johann II. von Heideck
",1415,1429,,,,0,Liste_der_Bischöfe_von_Eichstätt
386,"Albrecht II. von Hohenrechberg
",1429,1445,,,,0,Liste_der_Bischöfe_von_Eichstätt
387,"Johann III. von Eych
",1445,1464,,,,0,Liste_der_Bischöfe_von_Eichstätt
388,"Wilhelm von Reichenau
",1464,1496,,,,0,Liste_der_Bischöfe_von_Eichstätt
389,"Gabriel von Eyb
",1496,1535,,,,0,Liste_der_Bischöfe_von_Eichstätt
390,"Christoph Marschall von Pappenheim
",1535,1539,,,,0,Liste_der_Bischöfe_von_Eichstätt
391,"Moritz von Hutten
",1539,1552,,,,0,Liste_der_Bischöfe_von_Eichstätt
392,"Eberhard II. von Hirnheim
",1552,1560,,,,0,Liste_der_Bischöfe_von_Eichstätt
393,"Martin von Schaumberg
",1560,1590,,,,0,Liste_der_Bischöfe_von_Eichstätt
394,"Kaspar von Seckendorff
",1590,1595,,,,0,Liste_der_Bischöfe_von_Eichstätt
395,"Johann Konrad von Gemmingen
",1595,1612,,,,0,Liste_der_Bischöfe_von_Eichstätt
396,"Johann Christoph von Westerstetten
",1612,1637,,,,0,Liste_der_Bischöfe_von_Eichstätt
397,"Marquard II. Graf Schenk von Castell
",1637,1685,,,,0,Liste_der_Bischöfe_von_Eichstätt
398,"Johann Euchar Graf Schenk von Castell
",1685,1697,,,,0,Liste_der_Bischöfe_von_Eichstätt
399,"Johann Martin von Eyb
",1697,1704,,,,0,Liste_der_Bischöfe_von_Eichstätt
400,"Johann Anton I. Knebel von Katzenelnbogen
",1705,1725,,,,0,Liste_der_Bischöfe_von_Eichstätt
401,"Franz Ludwig Freiherr Schenk von Castell
",1725,1736,,,,0,Liste_der_Bischöfe_von_Eichstätt
402,"Johann Anton II. Freiherr von Freyberg
",1736,1757,,,,0,Liste_der_Bischöfe_von_Eichstätt
403,"Raymund Anton Graf von Strasoldo
",1757,1781,,,,0,Liste_der_Bischöfe_von_Eichstätt
404,"Johann Anton III. Freiherr von Zehmen
",1781,1790,,,,0,Liste_der_Bischöfe_von_Eichstätt
405,"Joseph Graf von Stubenberg
",1791,1824,,,,0,Liste_der_Bischöfe_von_Eichstätt
406,"Petrus Pustet
",1824,1825,,,,0,Liste_der_Bischöfe_von_Eichstätt
407,"Johann Friedrich Oesterreicher
",1825,1835,,,,0,Liste_der_Bischöfe_von_Eichstätt
408,"Johann Martin Manl
",1835,1835,,,,0,Liste_der_Bischöfe_von_Eichstätt
409,"Karl August Graf von Reisach
",1836,1846,,,,0,Liste_der_Bischöfe_von_Eichstätt
410,"Georg von Oettl
",1846,1866,,,,0,Liste_der_Bischöfe_von_Eichstätt
411,"Franz Leopold Freiherr von Leonrod
",1867,1905,,,,0,Liste_der_Bischöfe_von_Eichstätt
412,"Johannes Leo von Mergel
",1905,1932,,,,0,Liste_der_Bischöfe_von_Eichstätt
413,"Konrad Graf von Preysing
",1932,1935,,,,0,Liste_der_Bischöfe_von_Eichstätt
414,"Michael Rackl
",1935,1948,,,,0,Liste_der_Bischöfe_von_Eichstätt
415,"Joseph Schröffer
",1948,1967,,,,0,Liste_der_Bischöfe_von_Eichstätt
416,"Alois Brems
",1968,1983,,,,0,Liste_der_Bischöfe_von_Eichstätt
417,"Karl Braun
",1984,1995,,,,0,Liste_der_Bischöfe_von_Eichstätt
418,"Walter Mixa
",1996,2005,,,,0,Liste_der_Bischöfe_von_Eichstätt
419,"Gregor Maria Hanke
",2006," 
",,,,0,Liste_der_Bischöfe_von_Eichstätt
420,"Gunthar
",815?,834?,,,,0,Liste_der_Bischöfe_von_Hildesheim
421,"Rembert
",834?,845,,,,0,Liste_der_Bischöfe_von_Hildesheim
422,"Ebo (Ebbo)
",845,851,,,,0,Liste_der_Bischöfe_von_Hildesheim
423,"Altfrid
",851,874,,,,0,Liste_der_Bischöfe_von_Hildesheim
424,"Markward
",874,880,,,,0,Liste_der_Bischöfe_von_Hildesheim
425,"Wigbert
",880,903 oder 908,,,,0,Liste_der_Bischöfe_von_Hildesheim
426,"Waldbert
",903 oder 908,919,,,,0,Liste_der_Bischöfe_von_Hildesheim
427,"Sehard
",919,928,,,,0,Liste_der_Bischöfe_von_Hildesheim
428,"Diethard
",928,954,,,,0,Liste_der_Bischöfe_von_Hildesheim
429,"Othwin
",954,984,,,,0,Liste_der_Bischöfe_von_Hildesheim
430,"Osdag
",985,989,,,,0,Liste_der_Bischöfe_von_Hildesheim
431,"Gerdag
",990,992,,,,0,Liste_der_Bischöfe_von_Hildesheim
432,"Bernward
",993,1022,,,,0,Liste_der_Bischöfe_von_Hildesheim
433,"Godehard
",1022,1038,,,,0,Liste_der_Bischöfe_von_Hildesheim
434,"Thietmar
",1038,1044,,,,0,Liste_der_Bischöfe_von_Hildesheim
435,"Azelin
",1044,1054,,,,0,Liste_der_Bischöfe_von_Hildesheim
436,"Hezilo
",1054,1079,,,,0,Liste_der_Bischöfe_von_Hildesheim
437,"Udo von Gleichen-Reinhausen
",1079,1114,,,,0,Liste_der_Bischöfe_von_Hildesheim
438,"Bruning(kirchenrechtlich Sedisvakanz)
",1115,1119,,,,0,Liste_der_Bischöfe_von_Hildesheim
439,"Berthold I. von Alvensleben
",1119,1130,,,,0,Liste_der_Bischöfe_von_Hildesheim
440,"Bernhard I.
",1130,1153,,,,0,Liste_der_Bischöfe_von_Hildesheim
441,"Bruno
",1153,1161,,,,0,Liste_der_Bischöfe_von_Hildesheim
442,"Hermann
",1162,1170,,,,0,Liste_der_Bischöfe_von_Hildesheim
443,"Adelog
",1171,1190,,,,0,Liste_der_Bischöfe_von_Hildesheim
444,"Berno
",1190,1194,,,,0,Liste_der_Bischöfe_von_Hildesheim
445,"Konrad I. von Querfurt
",1194,1199,,,,0,Liste_der_Bischöfe_von_Hildesheim
446,"Hartbert
",1199,1216,,,,0,Liste_der_Bischöfe_von_Hildesheim
447,"Siegfried I. von Lichtenberg
",1216,1221,,,,0,Liste_der_Bischöfe_von_Hildesheim
448,"Konrad II. von Riesenberg
",1221,1246,,,,0,Liste_der_Bischöfe_von_Hildesheim
449,"Heinrich I. von Rusteberg
",1246,1257,,,,0,Liste_der_Bischöfe_von_Hildesheim
450,"Johann I. von Brakel
",1257,1260,,,,0,Liste_der_Bischöfe_von_Hildesheim
451,"Otto I. von Braunschweig-Lüneburg
",1260,1279,,,,0,Liste_der_Bischöfe_von_Hildesheim
452,"Siegfried II. von Querfurt
",1279,1310,,,,0,Liste_der_Bischöfe_von_Hildesheim
453,"Heinrich II. von Woldenberg
",1310,1318,,,,0,Liste_der_Bischöfe_von_Hildesheim
454,"Otto II. von Woldenberg
",1319,1331,,,,0,Liste_der_Bischöfe_von_Hildesheim
455,"Heinrich III. von Braunschweig-Lüneburg
",1331,1363,,,,0,Liste_der_Bischöfe_von_Hildesheim
456,"Johann II. Schadland
",1363,1365,,,,0,Liste_der_Bischöfe_von_Hildesheim
457,"Gerhard von Berg
",1365,1398,,,,0,Liste_der_Bischöfe_von_Hildesheim
458,"Johann III. von Hoya
",1399,1424,,,,0,Liste_der_Bischöfe_von_Hildesheim
459,"Magnus von Sachsen-Lauenburg
",1424,1452,,,,0,Liste_der_Bischöfe_von_Hildesheim
460,"Bernhard II. von Braunschweig-Lüneburg
",1452,1458,,,,0,Liste_der_Bischöfe_von_Hildesheim
461,"Ernst I. von Schauenburg
",1458,1471,,,,0,Liste_der_Bischöfe_von_Hildesheim
462,"Henning vom Haus
",1471,1481,,,,0,Liste_der_Bischöfe_von_Hildesheim
463,"Berthold II. von Landsberg
",1481,1502,,,,0,Liste_der_Bischöfe_von_Hildesheim
464,"Erich von Sachsen-Lauenburg
",1502,1503,,,,0,Liste_der_Bischöfe_von_Hildesheim
465,"Johannes IV. von Sachsen-Lauenburg
",1503,1527,,,,0,Liste_der_Bischöfe_von_Hildesheim
466,"Balthasar Merklin
",1527,1531,,,,0,Liste_der_Bischöfe_von_Hildesheim
467,"Otto III. von Schauenburg
",1531,1537,,,,0,Liste_der_Bischöfe_von_Hildesheim
468,"Valentin von Teutleben
",1537,1551,,,,0,Liste_der_Bischöfe_von_Hildesheim
469,"Friedrich von Dänemark
",1551,1556,,,,0,Liste_der_Bischöfe_von_Hildesheim
470,"Burchard von Oberg
",1557,1573,,,,0,Liste_der_Bischöfe_von_Hildesheim
471,"Ernst II. von Bayern
",1573,1612,,,,0,Liste_der_Bischöfe_von_Hildesheim
472,"Ferdinand von Bayern
",1612,1650,,,,0,Liste_der_Bischöfe_von_Hildesheim
473,"Maximilian Heinrich von Bayern
",1650,1688,,,,0,Liste_der_Bischöfe_von_Hildesheim
474,"Jobst Edmund von Brabeck
",1688,1702,,,,0,Liste_der_Bischöfe_von_Hildesheim
475,"Joseph Clemens von Bayern
",1702,1723,,,,0,Liste_der_Bischöfe_von_Hildesheim
476,"Clemens August I. von Bayern
",1724,1761,,,,0,Liste_der_Bischöfe_von_Hildesheim
477,"Friedrich Wilhelm von Westphalen
",1763,1789,,,,0,Liste_der_Bischöfe_von_Hildesheim
478,"Franz Egon von Fürstenberg(letzter Fürstbischof von Hildesheim)
",1789,1825,,,,0,Liste_der_Bischöfe_von_Hildesheim
479,"Karl von Gruben(Verweser)
",1825,1827,,,,0,Liste_der_Bischöfe_von_Hildesheim
480,"Godehard Joseph Osthaus
",1829,1835,,,,0,Liste_der_Bischöfe_von_Hildesheim
481,"Franz Ferdinand Fritz
",1836,1840,,,,0,Liste_der_Bischöfe_von_Hildesheim
482,"Jakob Joseph Wandt
",1842,1849,,,,0,Liste_der_Bischöfe_von_Hildesheim
483,"Eduard Jakob Wedekin
",1850,1870,,,,0,Liste_der_Bischöfe_von_Hildesheim
484,"Daniel Wilhelm Sommerwerck
",1871,1905,,,,0,Liste_der_Bischöfe_von_Hildesheim
485,"Adolf Bertram
",1906,1914,,,,0,Liste_der_Bischöfe_von_Hildesheim
486,"Joseph Ernst
",1915,1928,,,,0,Liste_der_Bischöfe_von_Hildesheim
487,"Nikolaus Bares
",1929,1933,,,,0,Liste_der_Bischöfe_von_Hildesheim
488,"Joseph Godehard Machens
",1934,1956,,,,0,Liste_der_Bischöfe_von_Hildesheim
489,"Heinrich Maria Janssen
",1957,1982,,,,0,Liste_der_Bischöfe_von_Hildesheim
490,"Josef Homeyer
",1983,2004,,,,0,Liste_der_Bischöfe_von_Hildesheim
491,"Norbert Trelle
",2006,2017,,,,0,Liste_der_Bischöfe_von_Hildesheim
492,"Heiner Wilmer SCJ
",2018,"
",,,,0,Liste_der_Bischöfe_von_Hildesheim
493,"Jakob Brand
",1827,1833,,,,0,Liste_der_Bischöfe_von_Limburg
494,"Johann Wilhelm Bausch
",1834,1840,,,,0,Liste_der_Bischöfe_von_Limburg
495,"Peter Joseph Blum
",1842,1884,,,,0,Liste_der_Bischöfe_von_Limburg
496,"Christian Roos
",1885,1886,,,,0,Liste_der_Bischöfe_von_Limburg
497,"Karl Klein
",1886,1898,,,,0,Liste_der_Bischöfe_von_Limburg
498,"Dominikus Martin Carl Willi, OCist
",1898,1913,,,,0,Liste_der_Bischöfe_von_Limburg
499,"Augustinus Kilian
",1913,1930,,,,0,Liste_der_Bischöfe_von_Limburg
500,"Antonius Hilfrich
",1930,1947,,,,0,Liste_der_Bischöfe_von_Limburg
501,"Ferdinand Dirichs
",1947,1948,,,,0,Liste_der_Bischöfe_von_Limburg
502,"Wilhelm Kempf
",1949,1982,,,,0,Liste_der_Bischöfe_von_Limburg
503,"Franz Kamphaus
",1982,2007,,,,0,Liste_der_Bischöfe_von_Limburg
504,"Franz-Peter Tebartz-van Elst
",2008,2014,,,,0,Liste_der_Bischöfe_von_Limburg
505,"Georg Bätzing
",2016,"
",,,,0,Liste_der_Bischöfe_von_Limburg
506,"Erkanbert
",803,813,,,,0,Liste_der_Bisch%C3%B6fe_von_Minden
507,"Hardward
",813,853,,,,0,Liste_der_Bisch%C3%B6fe_von_Minden
508,"Theoderich
",853,880,,,,0,Liste_der_Bisch%C3%B6fe_von_Minden
509,"Wulfhar
",880,886,,,,0,Liste_der_Bisch%C3%B6fe_von_Minden
510,"Drogo
",886,902,,,,0,Liste_der_Bisch%C3%B6fe_von_Minden
511,"Adalbert
",902,905,,,,0,Liste_der_Bisch%C3%B6fe_von_Minden
512,"Bernhard
",905,914,,,,0,Liste_der_Bisch%C3%B6fe_von_Minden
513,"Lothar
",914,927,,,,0,Liste_der_Bisch%C3%B6fe_von_Minden
514,"Ebergisl
",927,950,,,,0,Liste_der_Bisch%C3%B6fe_von_Minden
515,"Helmward
",950,958,,,,0,Liste_der_Bisch%C3%B6fe_von_Minden
516,"Landward
",958,969,,,,0,Liste_der_Bisch%C3%B6fe_von_Minden
517,"Milo
",969,996,,,,0,Liste_der_Bisch%C3%B6fe_von_Minden
518,"Ramward
",996,1002,,,,0,Liste_der_Bisch%C3%B6fe_von_Minden
519,"Dietrich II.
",1002,1022,,,,0,Liste_der_Bisch%C3%B6fe_von_Minden
520,"Sigebert
",1022,1036,,,,0,Liste_der_Bisch%C3%B6fe_von_Minden
521,"Egilbert aus Bayern
",1055,1080,,,,0,Liste_der_Bisch%C3%B6fe_von_Minden
522,"Reinward
",1080,1089,,,,0,Liste_der_Bisch%C3%B6fe_von_Minden
523,"Volkmar
",1080,1096,,,,0,Liste_der_Bisch%C3%B6fe_von_Minden
524,"Ulrich
",1089,1097,,,,0,Liste_der_Bisch%C3%B6fe_von_Minden
525,"Gottschalk
",1097,1112,,,,0,Liste_der_Bisch%C3%B6fe_von_Minden
526,"Widelo
",1097,1119,,,,0,Liste_der_Bisch%C3%B6fe_von_Minden
527,"Sigward
",1120,1140,,,,0,Liste_der_Bisch%C3%B6fe_von_Minden
528,"Heinrich I.
",1140,1153,,,,0,Liste_der_Bisch%C3%B6fe_von_Minden
529,"Werner aus Bückeburg
",1153,1170,,,,0,Liste_der_Bisch%C3%B6fe_von_Minden
530,"Anno von Landsberg
",1170,1185,,,,2,Liste_der_Bisch%C3%B6fe_von_Minden
531,"Heinrich II.
",1206,1209,,,,2,Liste_der_Bisch%C3%B6fe_von_Minden
532,"Konrad I. von Rüdenberg
",1209,1236,,,,2,Liste_der_Bisch%C3%B6fe_von_Minden
533,"Wilhelm I. von Diepholz
",1236,1242,,,,2,Liste_der_Bisch%C3%B6fe_von_Minden
534,"Johann von Diepholz
",1242,1253,,,,2,Liste_der_Bisch%C3%B6fe_von_Minden
535,"Wedekind I.
",1253,1261,,,,2,Liste_der_Bisch%C3%B6fe_von_Minden
536,"Kuno
",1261,1266,,,,2,Liste_der_Bisch%C3%B6fe_von_Minden
537,"Otto I. aus Stendal
",1266,1275,,,,2,Liste_der_Bisch%C3%B6fe_von_Minden
538,"Volkwin von Schwalenberg
",1275,1293,,,,2,Liste_der_Bisch%C3%B6fe_von_Minden
539,"Konrad II. von Wardenberg
",1293,1295,,,,2,Liste_der_Bisch%C3%B6fe_von_Minden
540,"Ludolf von Rostorf
",1295,1304,,,,2,Liste_der_Bisch%C3%B6fe_von_Minden
541,"Gottfried von Waldeck
",1304,1324,,,,2,Liste_der_Bisch%C3%B6fe_von_Minden
542,Gerhard II. von Schauenburg[1],1361,1366,,,,2,Liste_der_Bisch%C3%B6fe_von_Minden
543,"Otto II. von Wettin
",1366,1368,,,,2,Liste_der_Bisch%C3%B6fe_von_Minden
544,"Wittekind II.
",1369,1383,,,,2,Liste_der_Bisch%C3%B6fe_von_Minden
545,"Otto III. von Schalksberg
",1384,1397,,,,2,Liste_der_Bisch%C3%B6fe_von_Minden
546,"Gerhard III.
",1397,1398,,,,2,Liste_der_Bisch%C3%B6fe_von_Minden
547,"Marquard von Randeck
",1398,1398,,,,2,Liste_der_Bisch%C3%B6fe_von_Minden
548,"Wilhelm II. von Büschen
",1398,1402,,,,2,Liste_der_Bisch%C3%B6fe_von_Minden
549,"Otto IV. von Rietberg
",1403,1406,,,,2,Liste_der_Bisch%C3%B6fe_von_Minden
550,"Wilbrand von Hallermund
",1406,1436,,,,2,Liste_der_Bisch%C3%B6fe_von_Minden
551,"Heinrich III. von Schauenburg (Schaumburg)
",1473,1508,,,,2,Liste_der_Bisch%C3%B6fe_von_Minden
552,"Franz von Braunschweig-Wolfenbüttel
",1508,1529,,,,2,Liste_der_Bisch%C3%B6fe_von_Minden
553,"Georg von Braunschweig-Lüneburg
",1554,1566,,,,2,Liste_der_Bisch%C3%B6fe_von_Minden
554,"Hermann von Schauenberg (Schaumburg)
",1567,1582,,,,2,Liste_der_Bisch%C3%B6fe_von_Minden
555,"Anton von Schauenburg (Schaumburg)
",1587,1599,,,,2,Liste_der_Bisch%C3%B6fe_von_Minden
556,"Liudger
",805,809,,,,0,Liste_der_Bisch%C3%B6fe_von_M%C3%BCnster
557,"Gerfried
",809,839,,,,0,Liste_der_Bisch%C3%B6fe_von_M%C3%BCnster
558,"Altfried
",839,849,,,,0,Liste_der_Bisch%C3%B6fe_von_M%C3%BCnster
559,"Liutbert
",849,870,,,,0,Liste_der_Bisch%C3%B6fe_von_M%C3%BCnster
560,"Berthold
",870,875,,,,0,Liste_der_Bisch%C3%B6fe_von_M%C3%BCnster
561,"Wolfhelm
",vor 882,899,,,,0,Liste_der_Bisch%C3%B6fe_von_M%C3%BCnster
562,"Nidhard
",899,922,,,,0,Liste_der_Bisch%C3%B6fe_von_M%C3%BCnster
563,"Rumhold
",922,941,,,,0,Liste_der_Bisch%C3%B6fe_von_M%C3%BCnster
564,"Hildebold
",941,969,,,,0,Liste_der_Bisch%C3%B6fe_von_M%C3%BCnster
565,"Dodo
",969,993,,,,0,Liste_der_Bisch%C3%B6fe_von_M%C3%BCnster
566,"Swidger
",993,1011,,,,0,Liste_der_Bisch%C3%B6fe_von_M%C3%BCnster
567,"Dietrich I.
",1011,1022,,,,0,Liste_der_Bisch%C3%B6fe_von_M%C3%BCnster
568,"Siegfried von Walbeck
",1022,1032,,,,0,Liste_der_Bisch%C3%B6fe_von_M%C3%BCnster
569,"Hermann I.
",1032,1042,,,,0,Liste_der_Bisch%C3%B6fe_von_M%C3%BCnster
570,"Rudbert
",1042,1063,,,,0,Liste_der_Bisch%C3%B6fe_von_M%C3%BCnster
571,"Friedrich I.
",1064,1084,,,,0,Liste_der_Bisch%C3%B6fe_von_M%C3%BCnster
572,"Erpho
",1085,1097,,,,0,Liste_der_Bisch%C3%B6fe_von_M%C3%BCnster
573,"Burchard von Holte
",1098,1118,,,,0,Liste_der_Bisch%C3%B6fe_von_M%C3%BCnster
574,"Dietrich II.(Dietrich von Winzenburg)
",1118,1127,,,,0,Liste_der_Bisch%C3%B6fe_von_M%C3%BCnster
575,"Egbert
",1127,1132,,,,0,Liste_der_Bisch%C3%B6fe_von_M%C3%BCnster
576,"Werner von Steußlingen
",1132,1151,,,,0,Liste_der_Bisch%C3%B6fe_von_M%C3%BCnster
577,"Friedrich II. (Friedrich von Are)
",1152,1168,,,,0,Liste_der_Bisch%C3%B6fe_von_M%C3%BCnster
578,"Ludwig I. (Ludwig I. von Wippra)
",1169,1173,,,,0,Liste_der_Bisch%C3%B6fe_von_M%C3%BCnster
579,"Hermann II.(Hermann von Katzenelnbogen)
",1174,1203,,,,0,Liste_der_Bisch%C3%B6fe_von_M%C3%BCnster
580,"Otto I.
",1203,1218,,,,0,Liste_der_Bisch%C3%B6fe_von_M%C3%BCnster
581,"Dietrich III. (Dietrich von Isenberg)
",1218,1226,,,,0,Liste_der_Bisch%C3%B6fe_von_M%C3%BCnster
582,"Ludolf von Holte
",1226,1247,,,,0,Liste_der_Bisch%C3%B6fe_von_M%C3%BCnster
583,"Otto II. (Otto von Lippe)
",1247,1259,,,,0,Liste_der_Bisch%C3%B6fe_von_M%C3%BCnster
584,"Wilhelm I. von Holte
",1259,1260,,,,0,Liste_der_Bisch%C3%B6fe_von_M%C3%BCnster
585,"Gerhard von der Mark
",1261,1272,,,,0,Liste_der_Bisch%C3%B6fe_von_M%C3%BCnster
586,"Everhard von Diest
",1275,1301,,,,0,Liste_der_Bisch%C3%B6fe_von_M%C3%BCnster
587,"Otto III. (Otto von Rietberg)
",1301,1306,,,,0,Liste_der_Bisch%C3%B6fe_von_M%C3%BCnster
588,"Konrad I. (Konrad von Berg)
",1306,1310,,,,0,Liste_der_Bisch%C3%B6fe_von_M%C3%BCnster
589,"Ludwig II. (Ludwig Landgraf von Hessen)
",1310,1357,,,,0,Liste_der_Bisch%C3%B6fe_von_M%C3%BCnster
590,"Adolf III. von der Markals Adolf I. von Münster
",1357,1363,,,,0,Liste_der_Bisch%C3%B6fe_von_M%C3%BCnster
591,"Johann I. (Johann I. von Virneburg)
",1363,1364,,,,0,Liste_der_Bisch%C3%B6fe_von_M%C3%BCnster
592,"Florenz von Wevelinghoven
",1364,1379,,,,0,Liste_der_Bisch%C3%B6fe_von_M%C3%BCnster
593,"Potho von Pothenstein
",1379,1382,,,,0,Liste_der_Bisch%C3%B6fe_von_M%C3%BCnster
594,"Heidenreich Wolf von Lüdinghausen
",1382,1392,,,,0,Liste_der_Bisch%C3%B6fe_von_M%C3%BCnster
595,"Otto IV. von Hoya
",1392,1424,,,,0,Liste_der_Bisch%C3%B6fe_von_M%C3%BCnster
596,"Heinrich II. (Heinrich von Moers)
",1424/25,1450,,,,0,Liste_der_Bisch%C3%B6fe_von_M%C3%BCnster
597,"Walram von Moers
",1450,1456,,,,0,Liste_der_Bisch%C3%B6fe_von_M%C3%BCnster
598,"Erich II. von Hoyaals Erich I. von Münster
",1450,1457,,,,0,Liste_der_Bisch%C3%B6fe_von_M%C3%BCnster
599,"Johann von Pfalz-Simmern
",1457,1466,,,,0,Liste_der_Bisch%C3%B6fe_von_M%C3%BCnster
600,"Heinrich XXVII. von Schwarzburgals Heinrich III. von Münster
",1466,1496,,,,0,Liste_der_Bisch%C3%B6fe_von_M%C3%BCnster
601,"Konrad VI. von Rietbergals Konrad II. von Münster
",1497,1508,,,,0,Liste_der_Bisch%C3%B6fe_von_M%C3%BCnster
602,"Erich I. von Sachsen-Lauenburg
",1508,1522,,,,0,Liste_der_Bisch%C3%B6fe_von_M%C3%BCnster
603,"Friedrich III. von Wied
",1522,1532,,,,0,Liste_der_Bisch%C3%B6fe_von_M%C3%BCnster
604,"Erich von Braunschweig-Grubenhagen
",1532,1532,,,,0,Liste_der_Bisch%C3%B6fe_von_M%C3%BCnster
605,"Franz von Waldeck
",1532,1553,,,,0,Liste_der_Bisch%C3%B6fe_von_M%C3%BCnster
606,"Wilhelm Ketteler
",1553,1557,,,,0,Liste_der_Bisch%C3%B6fe_von_M%C3%BCnster
607,"Bernhard von Raesfeld
",1557,1566,,,,0,Liste_der_Bisch%C3%B6fe_von_M%C3%BCnster
608,"Johann II. (Johannes von Hoya)
",1566/67,1575,,,,0,Liste_der_Bisch%C3%B6fe_von_M%C3%BCnster
609,"Johann Wilhelm von Jülich-Kleve
",1574,1585,,,,0,Liste_der_Bisch%C3%B6fe_von_M%C3%BCnster
610,"Ernst von Bayern
",1585,1612,,,,0,Liste_der_Bisch%C3%B6fe_von_M%C3%BCnster
611,"Ferdinand von Bayernals Ferdinand I. von Münster
",1612,1650,,,,0,Liste_der_Bisch%C3%B6fe_von_M%C3%BCnster
612,"Christoph Bernhard von Galen
",1650,1678,,,,0,Liste_der_Bisch%C3%B6fe_von_M%C3%BCnster
613,"Ferdinand II.(Ferdinand von Fürstenberg)
",1678,1683,,,,0,Liste_der_Bisch%C3%B6fe_von_M%C3%BCnster
614,"Maximilian Heinrich von Bayern
",1683,1688,,,,0,Liste_der_Bisch%C3%B6fe_von_M%C3%BCnster
615,"Friedrich Christian von Plettenberg
",1688,1706,,,,0,Liste_der_Bisch%C3%B6fe_von_M%C3%BCnster
616,"Franz Arnold von Wolff-Metternich zur Gracht
",1707,1718,,,,0,Liste_der_Bisch%C3%B6fe_von_M%C3%BCnster
617,"Clemens August I. von Bayern
",1719,1761,,,,0,Liste_der_Bisch%C3%B6fe_von_M%C3%BCnster
618,"Maximilian Friedrich von Königsegg-Rothenfels
",1762,1784,,,,0,Liste_der_Bisch%C3%B6fe_von_M%C3%BCnster
619,"Maximilian Franz von Österreich
",1784,1801,,,,0,Liste_der_Bisch%C3%B6fe_von_M%C3%BCnster
620,"Anton Viktor von Österreich
",1801,1801,,,,0,Liste_der_Bisch%C3%B6fe_von_M%C3%BCnster
621,"Sedisvakanz
",1801,1820,,,,0,Liste_der_Bisch%C3%B6fe_von_M%C3%BCnster
622,"Ferdinand III. (Ferdinand von Lüninck)
",1820,1825,,,,0,Liste_der_Bisch%C3%B6fe_von_M%C3%BCnster
623,"Kaspar Maximilian Droste zu Vischering
",1825,1846,,,,0,Liste_der_Bisch%C3%B6fe_von_M%C3%BCnster
624,"Bernard Georg Kellermann
",1846,1847,,,,0,Liste_der_Bisch%C3%B6fe_von_M%C3%BCnster
625,"Johann Georg Müller
",1847,1870,,,,0,Liste_der_Bisch%C3%B6fe_von_M%C3%BCnster
626,"Johannes Bernhard Brinkmann
",1870,1889,,,,0,Liste_der_Bisch%C3%B6fe_von_M%C3%BCnster
627,"Hermann Jakob Dingelstad
",1889,1911,,,,0,Liste_der_Bisch%C3%B6fe_von_M%C3%BCnster
628,"Felix von Hartmann
",1911,1912,,,,0,Liste_der_Bisch%C3%B6fe_von_M%C3%BCnster
629,"Johannes Poggenburg
",1913,1933,,,,0,Liste_der_Bisch%C3%B6fe_von_M%C3%BCnster
630,"Clemens August Graf von Galen
",1933,1946,,,,0,Liste_der_Bisch%C3%B6fe_von_M%C3%BCnster
631,"Michael Keller
",1947,1961,,,,0,Liste_der_Bisch%C3%B6fe_von_M%C3%BCnster
632,"Joseph Höffner
",1962,1969,,,,0,Liste_der_Bisch%C3%B6fe_von_M%C3%BCnster
633,"Heinrich Tenhumberg
",1969,1979,,,,0,Liste_der_Bisch%C3%B6fe_von_M%C3%BCnster
634,"Reinhard Lettmann
",1980,2008,,,,0,Liste_der_Bisch%C3%B6fe_von_M%C3%BCnster
635,"Felix Genn
",2009,"
",,,,0,Liste_der_Bisch%C3%B6fe_von_M%C3%BCnster
636,"Hathumar
",806,815,,,,0,Liste_der_Bisch%C3%B6fe_und_Erzbisch%C3%B6fe_von_Paderborn
637,"Badurad
",815,862,,,,0,Liste_der_Bisch%C3%B6fe_und_Erzbisch%C3%B6fe_von_Paderborn
638,"Luithard
",862,887,,,,0,Liste_der_Bisch%C3%B6fe_und_Erzbisch%C3%B6fe_von_Paderborn
639,"Biso
",887,900,,,,0,Liste_der_Bisch%C3%B6fe_und_Erzbisch%C3%B6fe_von_Paderborn
640,"Theoderich I.
",900,917,,,,0,Liste_der_Bisch%C3%B6fe_und_Erzbisch%C3%B6fe_von_Paderborn
641,"Unwan
",918,935,,,,0,Liste_der_Bisch%C3%B6fe_und_Erzbisch%C3%B6fe_von_Paderborn
642,"Dudo
",935,959,,,,0,Liste_der_Bisch%C3%B6fe_und_Erzbisch%C3%B6fe_von_Paderborn
643,"Volkmar OSB
",959,983,,,,0,Liste_der_Bisch%C3%B6fe_und_Erzbisch%C3%B6fe_von_Paderborn
644,"Rethar
",983,1009,,,,0,Liste_der_Bisch%C3%B6fe_und_Erzbisch%C3%B6fe_von_Paderborn
645,"Rotho OSB
",1036,1051,,,,0,Liste_der_Bisch%C3%B6fe_und_Erzbisch%C3%B6fe_von_Paderborn
646,"Imad
",1051,1076,,,,0,Liste_der_Bisch%C3%B6fe_und_Erzbisch%C3%B6fe_von_Paderborn
647,"Poppo
",1076,1083,,,,0,Liste_der_Bisch%C3%B6fe_und_Erzbisch%C3%B6fe_von_Paderborn
648,"Heinrich I. von Assel
",1083,1090,,,,0,Liste_der_Bisch%C3%B6fe_und_Erzbisch%C3%B6fe_von_Paderborn
649,"Bernhard I. von Oesede
",1127,1160,,,,0,Liste_der_Bisch%C3%B6fe_und_Erzbisch%C3%B6fe_von_Paderborn
650,"Evergis
",1160,1178,,,,0,Liste_der_Bisch%C3%B6fe_und_Erzbisch%C3%B6fe_von_Paderborn
651,"Siegfried
",1178,1188,,,,0,Liste_der_Bisch%C3%B6fe_und_Erzbisch%C3%B6fe_von_Paderborn
652,"Bernhard II. von Ibbenbüren
",1188,1203,,,,0,Liste_der_Bisch%C3%B6fe_und_Erzbisch%C3%B6fe_von_Paderborn
653,"Bernhard III. von Oesede
",1204,1223,,,,0,Liste_der_Bisch%C3%B6fe_und_Erzbisch%C3%B6fe_von_Paderborn
654,"Thomas Olivier gen. der Sachse
",1223,1225,,,,0,Liste_der_Bisch%C3%B6fe_und_Erzbisch%C3%B6fe_von_Paderborn
655,"Wilbrand von Oldenburg
",1225,1228,,,,0,Liste_der_Bisch%C3%B6fe_und_Erzbisch%C3%B6fe_von_Paderborn
656,"Bernhard IV. zur Lippe
",1228,1247,,,,0,Liste_der_Bisch%C3%B6fe_und_Erzbisch%C3%B6fe_von_Paderborn
657,"Simon I. zur Lippe
",1247,1277,,,,0,Liste_der_Bisch%C3%B6fe_und_Erzbisch%C3%B6fe_von_Paderborn
658,"Otto von Rietberg
",1277,1307,,,,0,Liste_der_Bisch%C3%B6fe_und_Erzbisch%C3%B6fe_von_Paderborn
659,"Günther I. von Schwalenberg
",1307,1310,,,,0,Liste_der_Bisch%C3%B6fe_und_Erzbisch%C3%B6fe_von_Paderborn
660,"Dietrich II. von Itter
",1310,1321,,,,0,Liste_der_Bisch%C3%B6fe_und_Erzbisch%C3%B6fe_von_Paderborn
661,"Sedisvakanz
",1879,1882,,,,0,Liste_der_Bisch%C3%B6fe_und_Erzbisch%C3%B6fe_von_Paderborn
662,"Hl. Emmeram
","
","
",,,"https://de.wikipedia.org/""#cite_note-Erklärung_1-1",0,Liste_der_Bisch%C3%B6fe_von_Regensburg
663,"Hl. Rupert
","
","
",,,"https://de.wikipedia.org/""#cite_note-Erklärung_1-1",0,Liste_der_Bisch%C3%B6fe_von_Regensburg
664,"Hl. Erhard
","
","
",,,"https://de.wikipedia.org/""#cite_note-Erklärung_1-1",0,Liste_der_Bisch%C3%B6fe_von_Regensburg
665,"Sel. Albart
","
","
",,,"https://de.wikipedia.org/""#cite_note-Erklärung_1-1",0,Liste_der_Bisch%C3%B6fe_von_Regensburg
666,"Ratharius
","
","
",,,"https://de.wikipedia.org/""#cite_note-Erklärung_1-1",0,Liste_der_Bisch%C3%B6fe_von_Regensburg
667,"Wikpert
","
","
",,,"https://de.wikipedia.org/""#cite_note-Erklärung_1-1",0,Liste_der_Bisch%C3%B6fe_von_Regensburg
668,"Sel. Gaubald
",739,761,,,,0,Liste_der_Bisch%C3%B6fe_von_Regensburg
669,"Sigerich
",762,768,,,,0,Liste_der_Bisch%C3%B6fe_von_Regensburg
670,"Simpert
",768,791,,,,0,Liste_der_Bisch%C3%B6fe_von_Regensburg
671,"Adalwin
",791,816,,,,0,Liste_der_Bisch%C3%B6fe_von_Regensburg
672,"Baturich
",817,847,,,,0,Liste_der_Bisch%C3%B6fe_von_Regensburg
673,"Erchanfried
",847,864,,,,0,Liste_der_Bisch%C3%B6fe_von_Regensburg
674,"Embricho
",864,891,,,,0,Liste_der_Bisch%C3%B6fe_von_Regensburg
675,"Aspert von Velden
",891,893,,,,0,Liste_der_Bisch%C3%B6fe_von_Regensburg
676,"Sel. Tuto
",893,930,,,,0,Liste_der_Bisch%C3%B6fe_von_Regensburg
677,"Isangrim
",930,941,,,,0,Liste_der_Bisch%C3%B6fe_von_Regensburg
678,"Sel. Gunther
",942,942,,,,0,Liste_der_Bisch%C3%B6fe_von_Regensburg
679,"Michael
",942,972,,,,0,Liste_der_Bisch%C3%B6fe_von_Regensburg
680,"Hl. Wolfgang
",972,994,,,,0,Liste_der_Bisch%C3%B6fe_von_Regensburg
681,"Gebhard I.
",994,1023,,,,0,Liste_der_Bisch%C3%B6fe_von_Regensburg
682,"Gebhard II.
",1023,1036,,,,0,Liste_der_Bisch%C3%B6fe_von_Regensburg
683,"Gebhard III.
",1036,1060,,,,0,Liste_der_Bisch%C3%B6fe_von_Regensburg
684,"Otto von Riedenburg
",1061,1089,,,,0,Liste_der_Bisch%C3%B6fe_von_Regensburg
685,"Gebhard IV. von Gosham
",1089,1105,,,,0,Liste_der_Bisch%C3%B6fe_von_Regensburg
686,"Hartwig I., von Spanheim
",1105,1126,,,,0,Liste_der_Bisch%C3%B6fe_von_Regensburg
687,"Sel. Konrad I. von Raitenbuch
",1126,1132,,,,0,Liste_der_Bisch%C3%B6fe_von_Regensburg
688,"Heinrich I. von Wolfratshausen
",1132,1155,,,,0,Liste_der_Bisch%C3%B6fe_von_Regensburg
689,"Hartwig II., von Spanheim
",1155,1164,,,,0,Liste_der_Bisch%C3%B6fe_von_Regensburg
690,"Eberhard der Schwabe
",1165,1167,,,,0,Liste_der_Bisch%C3%B6fe_von_Regensburg
691,"Konrad II. von Raitenbuch
",1167,1185,,,,0,Liste_der_Bisch%C3%B6fe_von_Regensburg
692,"Gottfried von Spitzenberg
",1185,1186,,,"https://de.wikipedia.org/""#cite_note-Erklärung_2-2",0,Liste_der_Bisch%C3%B6fe_von_Regensburg
693,"Konrad III. von Laichling
",1186,1204,,,,0,Liste_der_Bisch%C3%B6fe_von_Regensburg
694,"Konrad IV. von Frontenhausen
",1204,1226,,,,0,Liste_der_Bisch%C3%B6fe_von_Regensburg
695,"Gottfrid
",1227,1227,,,"https://de.wikipedia.org/""#cite_note-Erklärung_2-2",0,Liste_der_Bisch%C3%B6fe_von_Regensburg
696,"Siegfried
",1227,1246,,,,0,Liste_der_Bisch%C3%B6fe_von_Regensburg
697,"Albert I. von Pietengau
",1247,1259,,,,0,Liste_der_Bisch%C3%B6fe_von_Regensburg
698,"Hl. Albert II. der Große
",1260,1262,,,,0,Liste_der_Bisch%C3%B6fe_von_Regensburg
699,"Leo Thundorfer
",1262,1277,,,,0,Liste_der_Bisch%C3%B6fe_von_Regensburg
700,"Heinrich II. von Rotteneck
",1277,1296,,,,0,Liste_der_Bisch%C3%B6fe_von_Regensburg
701,"Konrad V. von Luppurg
",1296,1313,,,,0,Liste_der_Bisch%C3%B6fe_von_Regensburg
702,"Nikolaus von Ybbs
",1313,1340,,,,0,Liste_der_Bisch%C3%B6fe_von_Regensburg
703,"Hiltpolt von Haimberg
",1340,1340,,,"https://de.wikipedia.org/""#cite_note-Erklärung_2-2",0,Liste_der_Bisch%C3%B6fe_von_Regensburg
704,"Heinrich (III.) von Stein
",1340,1345,,,"https://de.wikipedia.org/""#cite_note-Erklärung_2-2",0,Liste_der_Bisch%C3%B6fe_von_Regensburg
705,"Friedrich I. Burggraf von Zollern-Nürnberg
",1340,1365,,,,0,Liste_der_Bisch%C3%B6fe_von_Regensburg
706,"Sedisvakanz
",1365,1368,,,,0,Liste_der_Bisch%C3%B6fe_von_Regensburg
707,"Konrad VI. von Haimberg
",1368,1381,,,,0,Liste_der_Bisch%C3%B6fe_von_Regensburg
708,"Theoderich von Abensberg
",1381,1383,,,,0,Liste_der_Bisch%C3%B6fe_von_Regensburg
709,"Johann I. von Moosburg
",1384,1409,,,,0,Liste_der_Bisch%C3%B6fe_von_Regensburg
710,"Albert III. von Stauffenberg
",1409,1421,,,,0,Liste_der_Bisch%C3%B6fe_von_Regensburg
711,"Johann II. von Streitberg
",1421,1428,,,,0,Liste_der_Bisch%C3%B6fe_von_Regensburg
712,"Erhard Sattelboger
",1428,1428,,,"https://de.wikipedia.org/""#cite_note-Erklärung_2-2",0,Liste_der_Bisch%C3%B6fe_von_Regensburg
713,"Konrad VII. von Soest
",1428,1437,,,,0,Liste_der_Bisch%C3%B6fe_von_Regensburg
714,"Friedrich II. von Parsberg
",1437,1450,,,,0,Liste_der_Bisch%C3%B6fe_von_Regensburg
715,"Friedrich III. von Plankenfels
",1450,1457,,,,0,Liste_der_Bisch%C3%B6fe_von_Regensburg
716,"Ruprecht I. von Pfalz-Mosbach
",1457,1465,,,,0,Liste_der_Bisch%C3%B6fe_von_Regensburg
717,"Heinrich IV. von Absberg
",1465,1492,,,,0,Liste_der_Bisch%C3%B6fe_von_Regensburg
718,"Ruprecht II. von Pfalz-Simmern
",1492,1507,,,,0,Liste_der_Bisch%C3%B6fe_von_Regensburg
719,"Johann III. von der Pfalz
",1507,1538,,,,0,Liste_der_Bisch%C3%B6fe_von_Regensburg
720,"Pankraz von Sinzenhofen
",1538,1548,,,,0,Liste_der_Bisch%C3%B6fe_von_Regensburg
721,"Georg Marschalk von Pappenheim
",1548,1563,,,,0,Liste_der_Bisch%C3%B6fe_von_Regensburg
722,"Veit von Fraunberg
",1563,1567,,,,0,Liste_der_Bisch%C3%B6fe_von_Regensburg
723,"David Kölderer von Burgstall
",1567,1579,,,,0,Liste_der_Bisch%C3%B6fe_von_Regensburg
724,"Philipp Wilhelm Herzog von Bayern
",1579,1598,,,,0,Liste_der_Bisch%C3%B6fe_von_Regensburg
725,"Sigmund Friedrich von Fugger
",1598,1600,,,,0,Liste_der_Bisch%C3%B6fe_von_Regensburg
726,"Wolfgang II. von Hausen
",1600,1613,,,,0,Liste_der_Bisch%C3%B6fe_von_Regensburg
727,"Albert IV. von Toerring
",1613,1649,,,,0,Liste_der_Bisch%C3%B6fe_von_Regensburg
728,"Franz Wilhelm Graf von Wartenberg
",1649,1661,,,,0,Liste_der_Bisch%C3%B6fe_von_Regensburg
729,"Johann Georg Graf von Herberstein
",1662,1663,,,,0,Liste_der_Bisch%C3%B6fe_von_Regensburg
730,"Adam Lorenz Graf von Törring
",1663,1666,,,,0,Liste_der_Bisch%C3%B6fe_von_Regensburg
731,"Guidobald Graf von Thun
",1666,1668,,,,0,Liste_der_Bisch%C3%B6fe_von_Regensburg
732,"Albrecht Sigismund Herzog von Bayern
",1668,1685,,,,0,Liste_der_Bisch%C3%B6fe_von_Regensburg
733,"Joseph Clemens Herzog von Bayern
",1685,1716,,,,0,Liste_der_Bisch%C3%B6fe_von_Regensburg
734,"Clemens August Herzog von Bayern
",1716,1719,,,,0,Liste_der_Bisch%C3%B6fe_von_Regensburg
735,"Johann Theodor Herzog von Bayern
",1719,1763,,,,0,Liste_der_Bisch%C3%B6fe_von_Regensburg
736,"Clemens Wenzeslaus Herzog von Sachsen
",1763,1769,,,,0,Liste_der_Bisch%C3%B6fe_von_Regensburg
737,"Anton Ignaz Graf von Fugger
",1769,1787,,,,0,Liste_der_Bisch%C3%B6fe_von_Regensburg
738,"Max Prokop Graf von Törring
",1787,1789,,,,0,Liste_der_Bisch%C3%B6fe_von_Regensburg
739,"Joseph Konrad Freiherr von Schroffenberg
",1790,1803,,,,0,Liste_der_Bisch%C3%B6fe_von_Regensburg
740,"Karl Theodor Freiherr von Dalberg
",1802,1817,,,,0,Liste_der_Bisch%C3%B6fe_von_Regensburg
741,"Sedisvakanz
",1817,1821,,,,0,Liste_der_Bisch%C3%B6fe_von_Regensburg
742,"Johann Nepomuk von Wolf
",1821,1829,,,,0,Liste_der_Bisch%C3%B6fe_von_Regensburg
743,"Johann Michael von Sailer
",1829,1832,,,,0,Liste_der_Bisch%C3%B6fe_von_Regensburg
744,"Georg Michael Wittmann
",1832,1833,,,"https://de.wikipedia.org/""#cite_note-Erklärung_2-2",0,Liste_der_Bisch%C3%B6fe_von_Regensburg
745,"Franz Xaver von Schwäbl
",1833,1841,,,,0,Liste_der_Bisch%C3%B6fe_von_Regensburg
746,"Valentin von Riedel
",1842,1857,,,,0,Liste_der_Bisch%C3%B6fe_von_Regensburg
747,"Ignatius von Senestrey
",1858,1906,,,,0,Liste_der_Bisch%C3%B6fe_von_Regensburg
748,"Antonius von Henle
",1906,1927,,,,0,Liste_der_Bisch%C3%B6fe_von_Regensburg
749,"Michael Buchberger
",1928,1961,,,,0,Liste_der_Bisch%C3%B6fe_von_Regensburg
750,"Rudolf I. Graber
",1962,1982,,,,0,Liste_der_Bisch%C3%B6fe_von_Regensburg
751,"Manfred Müller
",1982,2002,,,,0,Liste_der_Bisch%C3%B6fe_von_Regensburg
752,"Gerhard Ludwig Müller
",2002,2012,,,,0,Liste_der_Bisch%C3%B6fe_von_Regensburg
753,"Rudolf II. Voderholzer
",2013,"
",,,,0,Liste_der_Bisch%C3%B6fe_von_Regensburg
754,"Johann Baptist von Keller
",1828,1845,,,,0,Liste_der_Bisch%C3%B6fe_von_Rottenburg-Stuttgart
755,"Josef von Lipp
",1847,1869,,,,0,Liste_der_Bisch%C3%B6fe_von_Rottenburg-Stuttgart
756,"Karl Joseph von Hefele
",1869,1893,,,,0,Liste_der_Bisch%C3%B6fe_von_Rottenburg-Stuttgart
757,"Wilhelm von Reiser
",1893,1898,,,,0,Liste_der_Bisch%C3%B6fe_von_Rottenburg-Stuttgart
758,"Franz Xaver von Linsenmann
",1898,1898,,,,0,Liste_der_Bisch%C3%B6fe_von_Rottenburg-Stuttgart
759,"Paul Wilhelm von Keppler
",1898,1926,,,,0,Liste_der_Bisch%C3%B6fe_von_Rottenburg-Stuttgart
760,"Joannes Baptista Sproll
",1927,1949,,,,0,Liste_der_Bisch%C3%B6fe_von_Rottenburg-Stuttgart
761,"Carl Joseph Leiprecht
",1949,1974,,,,0,Liste_der_Bisch%C3%B6fe_von_Rottenburg-Stuttgart
762,"Georg Moser
",1975,1988,,,,0,Liste_der_Bisch%C3%B6fe_von_Rottenburg-Stuttgart
763,"Walter Kasper
",1989,1999,,,,0,Liste_der_Bisch%C3%B6fe_von_Rottenburg-Stuttgart
764,"Gebhard Fürst
",2000,"
",,,,0,Liste_der_Bisch%C3%B6fe_von_Rottenburg-Stuttgart
765,"Jesse
",um 346," 
",,,,0,Liste_der_Bisch%C3%B6fe_von_Speyer
766,"Hilderich
",um 614," 
",,,,0,Liste_der_Bisch%C3%B6fe_von_Speyer
767,"Athanasius
","?
",650,,,,0,Liste_der_Bisch%C3%B6fe_von_Speyer
768,"Principius
",650,659,,,,0,Liste_der_Bisch%C3%B6fe_von_Speyer
769,"Dragobodo
",660,700,,,,0,Liste_der_Bisch%C3%B6fe_von_Speyer
770,"Atto
",701,709,,,,0,Liste_der_Bisch%C3%B6fe_von_Speyer
771,"Sigwin
",709,725,,,,0,Liste_der_Bisch%C3%B6fe_von_Speyer
772,"Luido
",725,743,,,,0,Liste_der_Bisch%C3%B6fe_von_Speyer
773,"David
",743,759,,,,0,Liste_der_Bisch%C3%B6fe_von_Speyer
774,"Basinus
",762,770,,,,0,Liste_der_Bisch%C3%B6fe_von_Speyer
775,"Fraido
",782,804,,,,0,Liste_der_Bisch%C3%B6fe_von_Speyer
776,"Benedikt
",814,829,,,,0,Liste_der_Bisch%C3%B6fe_von_Speyer
777,"Hertin
",830,845,,,,0,Liste_der_Bisch%C3%B6fe_von_Speyer
778,"Gebhard I.
",845,880,,,,0,Liste_der_Bisch%C3%B6fe_von_Speyer
779,"Gotedank
",881,895,,,,0,Liste_der_Bisch%C3%B6fe_von_Speyer
780,"Einhard I.
",895,913,,,,0,Liste_der_Bisch%C3%B6fe_von_Speyer
781,"Bernhard
",914,922,,,,0,Liste_der_Bisch%C3%B6fe_von_Speyer
782,"Amalrich
",923,943,,,,0,Liste_der_Bisch%C3%B6fe_von_Speyer
783,"Reginbald I.
",944,950,,,,0,Liste_der_Bisch%C3%B6fe_von_Speyer
784,"Gottfried I.
",950,960,,,,0,Liste_der_Bisch%C3%B6fe_von_Speyer
785,"Ottgar
",962,970,,,,0,Liste_der_Bisch%C3%B6fe_von_Speyer
786,"Balderich
",970,986,,,,0,Liste_der_Bisch%C3%B6fe_von_Speyer
787,"Rupert
",986,1004,,,,0,Liste_der_Bisch%C3%B6fe_von_Speyer
788,"Walter
",1006,1031,,,,0,Liste_der_Bisch%C3%B6fe_von_Speyer
789,"Siegfried I.
",1031,1031,,,,0,Liste_der_Bisch%C3%B6fe_von_Speyer
790,"Reginger
",1032,1033,,,,0,Liste_der_Bisch%C3%B6fe_von_Speyer
791,"Reginbald II.
",1033,1039,,,,0,Liste_der_Bisch%C3%B6fe_von_Speyer
792,"Sigibodo I.
",1039,1051,,,,0,Liste_der_Bisch%C3%B6fe_von_Speyer
793,"Arnold I.
",1051,1056,,,,0,Liste_der_Bisch%C3%B6fe_von_Speyer
794,"Konrad I.
",1056,1060,,,,0,Liste_der_Bisch%C3%B6fe_von_Speyer
795,"Einhard II.
",1060,1067,,,,0,Liste_der_Bisch%C3%B6fe_von_Speyer
796,"Heinrich I. von Scharfenberg
",1067,1072,,,,0,Liste_der_Bisch%C3%B6fe_von_Speyer
797,"Rüdiger gen. Huzmann
",1074,1090,,,,0,Liste_der_Bisch%C3%B6fe_von_Speyer
798,"Johannes I.
",1090,1104,,,,0,Liste_der_Bisch%C3%B6fe_von_Speyer
799,"Gebhard II. von Urach
",1104,1107,,,,0,Liste_der_Bisch%C3%B6fe_von_Speyer
800,"Bruno von Saarbrücken
",1107,1123,,,,0,Liste_der_Bisch%C3%B6fe_von_Speyer
801,"Arnold II. von Leiningen
",1124,1126,,,,0,Liste_der_Bisch%C3%B6fe_von_Speyer
802,"Siegfried II. von Wolfsölden
",1127,1146,,,,0,Liste_der_Bisch%C3%B6fe_von_Speyer
803,"Günther von Henneberg
",1146,1161,,,,0,Liste_der_Bisch%C3%B6fe_von_Speyer
804,"Ulrich I. von Dürrmenz
",1163,1163,,,,0,Liste_der_Bisch%C3%B6fe_von_Speyer
805,"Gottfried II.
",1164,1167,,,,0,Liste_der_Bisch%C3%B6fe_von_Speyer
806,"Rabodo von Lobdaburg
",1173,1176,,,,0,Liste_der_Bisch%C3%B6fe_von_Speyer
807,"Konrad II.
",1176,1178,,,,0,Liste_der_Bisch%C3%B6fe_von_Speyer
808,"Ulrich II. von Rechberg
",1178,1187,,,,0,Liste_der_Bisch%C3%B6fe_von_Speyer
809,"Otto II. von Henneberg
",1190,1200,,,,0,Liste_der_Bisch%C3%B6fe_von_Speyer
810,"Konrad III. von Scharfenberg
",1200,1224,,,,0,Liste_der_Bisch%C3%B6fe_von_Speyer
811,"Beringer von Entringen
",1224,1232,,,,0,Liste_der_Bisch%C3%B6fe_von_Speyer
812,"Konrad IV. von Tann
",1233,1236,,,,0,Liste_der_Bisch%C3%B6fe_von_Speyer
813,"Konrad V. von Eberstein
",1237,1245,,,,0,Liste_der_Bisch%C3%B6fe_von_Speyer
814,"Heinrich II.
",1245,1272,,,,0,Liste_der_Bisch%C3%B6fe_von_Speyer
815,"Friedrich von Bolanden
",1272,1302,,,,0,Liste_der_Bisch%C3%B6fe_von_Speyer
816,"Sigibodo II. von Lichtenberg
",1302,1314,,,,0,Liste_der_Bisch%C3%B6fe_von_Speyer
817,"Emich
",1314,1328,,,,0,Liste_der_Bisch%C3%B6fe_von_Speyer
818,"Berthold von Buchegg
",1328,1328,,,,0,Liste_der_Bisch%C3%B6fe_von_Speyer
819,"Walram von Veldenz
",1329,1336,,,,0,Liste_der_Bisch%C3%B6fe_von_Speyer
820,"Balduin von Luxemburg
",1332,1336,,,"https://de.wikipedia.org/""#cite_note-1",0,Liste_der_Bisch%C3%B6fe_von_Speyer
821,"Gerhard von Ehrenberg
",1336,1363,,,,0,Liste_der_Bisch%C3%B6fe_von_Speyer
822,"Lamprecht von Brunn
",1364,1371,,,,0,Liste_der_Bisch%C3%B6fe_von_Speyer
823,"Adolf I. von Nassau
",1371,1381,,,,0,Liste_der_Bisch%C3%B6fe_von_Speyer
824,"Nikolaus I. von Wiesbaden
",1381,1396,,,,0,Liste_der_Bisch%C3%B6fe_von_Speyer
825,"Raban von Helmstatt
",1396,1430,,,,0,Liste_der_Bisch%C3%B6fe_von_Speyer
826,"Adolf von Eppstein
",1430,1433,,,,0,Liste_der_Bisch%C3%B6fe_von_Speyer
827,"Reinhard von Helmstatt
",1438,1456,,,,0,Liste_der_Bisch%C3%B6fe_von_Speyer
828,"Siegfried III. von Venningen
",1456,1459,,,,0,Liste_der_Bisch%C3%B6fe_von_Speyer
829,"Johannes II. Nix von Hoheneck
",1459,1464,,,,0,Liste_der_Bisch%C3%B6fe_von_Speyer
830,"Matthias von Rammung
",1464,1478,,,,0,Liste_der_Bisch%C3%B6fe_von_Speyer
831,"Ludwig von Helmstatt
",1478,1504,,,,0,Liste_der_Bisch%C3%B6fe_von_Speyer
832,"Philipp I.
",1504,1513,,,,0,Liste_der_Bisch%C3%B6fe_von_Speyer
833,"Georg von der Pfalz
",1513,1529,,,,0,Liste_der_Bisch%C3%B6fe_von_Speyer
834,"Philipp II.
",1529,1552,,,,0,Liste_der_Bisch%C3%B6fe_von_Speyer
835,"Rudolf von und zu Frankenstein
",1552,1560,,,,0,Liste_der_Bisch%C3%B6fe_von_Speyer
836,"Marquard von Hattstein
",1560,1581,,,,0,Liste_der_Bisch%C3%B6fe_von_Speyer
837,"Eberhard von Dienheim
",1581,1610,,,,0,Liste_der_Bisch%C3%B6fe_von_Speyer
838,"Philipp Christoph von Sötern
",1610,1652,,,,0,Liste_der_Bisch%C3%B6fe_von_Speyer
839,"Lothar Friedrich von Metternich-Burscheid
",1652,1675,,,,0,Liste_der_Bisch%C3%B6fe_von_Speyer
840,"Johann VIII. Hugo von Orsbeck
",1675,1711,,,,0,Liste_der_Bisch%C3%B6fe_von_Speyer
841,"Heinrich Hartard von Rollingen
",1711,1719,,,,0,Liste_der_Bisch%C3%B6fe_von_Speyer
842,"Damian Hugo Philipp von Schönborn-Buchheim
",1719,1743,,,,0,Liste_der_Bisch%C3%B6fe_von_Speyer
843,"Franz Christoph von Hutten zum Stolzenberg
",1743,1770,,,,0,Liste_der_Bisch%C3%B6fe_von_Speyer
844,"Damian August Philipp Karl Graf von Limburg-Vehlen-Stirum
",1770,1797,,,,0,Liste_der_Bisch%C3%B6fe_von_Speyer
845,"Philipp Franz Wilderich Nepomuk von Walderdorf
",1797,1810,,,,0,Liste_der_Bisch%C3%B6fe_von_Speyer
846,"Sedisvakanz
",1810,1818,,,,0,Liste_der_Bisch%C3%B6fe_von_Speyer
847,"Matthäus Georg von Chandelle
",1818,1826,,,,0,Liste_der_Bisch%C3%B6fe_von_Speyer
848,"Johann Martin Manl
",1827,1835,,,,0,Liste_der_Bisch%C3%B6fe_von_Speyer
849,"Peter von Richarz
",1835,1836,,,,0,Liste_der_Bisch%C3%B6fe_von_Speyer
850,"Johannes von Geissel
",1837,1841,,,,0,Liste_der_Bisch%C3%B6fe_von_Speyer
851,"Nikolaus von Weis
",1842,1869,,,,0,Liste_der_Bisch%C3%B6fe_von_Speyer
852,"Konrad Reither
",1870,1871,,,,0,Liste_der_Bisch%C3%B6fe_von_Speyer
853,"Daniel Bonifaz von Haneberg
",1872,1876,,,,0,Liste_der_Bisch%C3%B6fe_von_Speyer
854,"Joseph Georg von Ehrler
",1878,1905,,,,0,Liste_der_Bisch%C3%B6fe_von_Speyer
855,"Konrad von Busch
",1905,1910,,,,0,Liste_der_Bisch%C3%B6fe_von_Speyer
856,"Michael von Faulhaber
",1911,1917,,,,0,Liste_der_Bisch%C3%B6fe_von_Speyer
857,"Ludwig Sebastian
",1917,1943,,,,0,Liste_der_Bisch%C3%B6fe_von_Speyer
858,"Joseph Wendel
",1943,1952,,,,0,Liste_der_Bisch%C3%B6fe_von_Speyer
859,"Isidor Markus Emanuel
",1953,1968,,,,0,Liste_der_Bisch%C3%B6fe_von_Speyer
860,"Friedrich Wetter
",1968,1982,,,,0,Liste_der_Bisch%C3%B6fe_von_Speyer
861,"Anton Schlembach
",1983,2007,,,,0,Liste_der_Bisch%C3%B6fe_von_Speyer
862,"Karl-Heinz Wiesemann
",2008,"
",,,,0,Liste_der_Bisch%C3%B6fe_von_Speyer
